imports,buldingtime,installtime,created,started,finished,import.start,import.stop,run1.created,run1.started,run1.finished,run1.import.start,run1.import.stop,run1.,run2.created,run2.started,run2.finished,run2.import.start,run2.import.stop,run2.,run3.created,run3.started,run3.finished,run3.import.start,run3.import.stop,run3.,run4.created,run4.started,run4.finished,run4.import.start,run4.import.stop,run4.,run5.created,run5.started,run5.finished,run5.import.start,run5.import.stop,run5.
argparse,7.7,5,2024-04-11T21:10:48.824168369Z,2024-04-11T21:10:50.660698597Z,2024-04-11T21:10:51.893701366Z,2024-04-11T21:10:50.810126931Z,2024-04-11T21:10:50.880482097Z,2024-04-11T21:10:52.37429117Z,2024-04-11T21:10:52.946762976Z,2024-04-11T21:10:53.982111762Z,2024-04-11T21:10:52.961535401Z,2024-04-11T21:10:52.973010963Z,0,2024-04-11T21:10:54.484141783Z,2024-04-11T21:10:55.064121627Z,2024-04-11T21:10:56.097475228Z,2024-04-11T21:10:55.076599533Z,2024-04-11T21:10:55.088039632Z,0,2024-04-11T21:10:56.584680579Z,2024-04-11T21:10:57.234023973Z,2024-04-11T21:10:58.268247154Z,2024-04-11T21:10:57.247626121Z,2024-04-11T21:10:57.258969951Z,0,2024-04-11T21:10:58.715311224Z,2024-04-11T21:10:59.31671723Z,2024-04-11T21:11:00.350601171Z,2024-04-11T21:10:59.329849352Z,2024-04-11T21:10:59.341734005Z,0,2024-04-11T21:11:00.786062257Z,2024-04-11T21:11:01.308694296Z,2024-04-11T21:11:02.341824843Z,2024-04-11T21:11:01.322215053Z,2024-04-11T21:11:01.333414006Z,0
clean,8.7,5.5,2024-04-11T21:41:16.843260049Z,2024-04-11T21:41:18.889029333Z,2024-04-11T21:41:20.061220554Z,2024-04-11T21:41:19.036797289Z,2024-04-11T21:41:19.049554689Z,2024-04-11T21:41:20.548790361Z,2024-04-11T21:41:21.146353602Z,2024-04-11T21:41:22.167487001Z,2024-04-11T21:41:21.159874163Z,2024-04-11T21:41:21.160277637Z,0,2024-04-11T21:41:22.644100877Z,2024-04-11T21:41:23.224287028Z,2024-04-11T21:41:24.245121154Z,2024-04-11T21:41:23.237130141Z,2024-04-11T21:41:23.237502639Z,0,2024-04-11T21:41:24.769748653Z,2024-04-11T21:41:25.30108132Z,2024-04-11T21:41:26.32474272Z,2024-04-11T21:41:25.315259016Z,2024-04-11T21:41:25.315817576Z,0,2024-04-11T21:41:26.801587455Z,2024-04-11T21:41:27.376609261Z,2024-04-11T21:41:28.397880907Z,2024-04-11T21:41:27.390369122Z,2024-04-11T21:41:27.390814948Z,0,2024-04-11T21:41:28.896828319Z,2024-04-11T21:41:29.532105956Z,2024-04-11T21:41:30.55525187Z,2024-04-11T21:41:29.545894863Z,2024-04-11T21:41:29.546323129Z,0
collections,2.9,-1,2024-04-11T21:07:02.940463292Z,2024-04-11T21:07:05.205685993Z,2024-04-11T21:07:06.558539822Z,2024-04-11T21:07:05.508410393Z,2024-04-11T21:07:05.545553645Z,2024-04-11T21:07:07.113190565Z,2024-04-11T21:07:07.776669562Z,2024-04-11T21:07:08.831241583Z,2024-04-11T21:07:07.805334715Z,2024-04-11T21:07:07.822775960Z,0,2024-04-11T21:07:09.38340829Z,2024-04-11T21:07:10.085680213Z,2024-04-11T21:07:11.140036195Z,2024-04-11T21:07:10.113464622Z,2024-04-11T21:07:10.131049166Z,0,2024-04-11T21:07:11.69361784Z,2024-04-11T21:07:12.257758881Z,2024-04-11T21:07:13.309574431Z,2024-04-11T21:07:12.284962253Z,2024-04-11T21:07:12.302107260Z,0,2024-04-11T21:07:13.802763024Z,2024-04-11T21:07:14.363412692Z,2024-04-11T21:07:15.417272961Z,2024-04-11T21:07:14.391589039Z,2024-04-11T21:07:14.409674305Z,0,2024-04-11T21:07:15.927123686Z,2024-04-11T21:07:16.504155762Z,2024-04-11T21:07:17.556652625Z,2024-04-11T21:07:16.531997746Z,2024-04-11T21:07:16.549138499Z,0
colmena,16.9,13.6,2024-04-11T21:53:31.745842013Z,2024-04-11T21:53:33.529022376Z,2024-04-11T21:53:34.700960064Z,2024-04-11T21:53:33.681279419Z,2024-04-11T21:53:33.686842111Z,2024-04-11T21:53:35.244454538Z,2024-04-11T21:53:35.91017587Z,2024-04-11T21:53:36.930620248Z,2024-04-11T21:53:35.923422668Z,2024-04-11T21:53:35.923866573Z,0,2024-04-11T21:53:37.459323612Z,2024-04-11T21:53:38.05923035Z,2024-04-11T21:53:39.07970654Z,2024-04-11T21:53:38.072553883Z,2024-04-11T21:53:38.072992843Z,0,2024-04-11T21:53:39.576734808Z,2024-04-11T21:53:40.178143975Z,2024-04-11T21:53:41.198491621Z,2024-04-11T21:53:40.191628345Z,2024-04-11T21:53:40.192079215Z,0,2024-04-11T21:53:41.698080727Z,2024-04-11T21:53:42.240922452Z,2024-04-11T21:53:43.261698219Z,2024-04-11T21:53:42.255041777Z,2024-04-11T21:53:42.255390675Z,0,2024-04-11T21:53:43.766994793Z,2024-04-11T21:53:44.388951423Z,2024-04-11T21:53:45.409148604Z,2024-04-11T21:53:44.401677841Z,2024-04-11T21:53:44.402055027Z,0
common,9.9,6.7,2024-04-11T21:55:05.219035231Z,2024-04-11T21:55:07.337533392Z,2024-04-11T21:55:08.507835477Z,2024-04-11T21:55:07.489220799Z,2024-04-11T21:55:07.495552467Z,2024-04-11T21:55:09.032524198Z,2024-04-11T21:55:09.606858005Z,2024-04-11T21:55:10.629622778Z,2024-04-11T21:55:09.620535620Z,2024-04-11T21:55:09.621056398Z,0,2024-04-11T21:55:11.134813249Z,2024-04-11T21:55:11.791310376Z,2024-04-11T21:55:12.811388988Z,2024-04-11T21:55:11.803756880Z,2024-04-11T21:55:11.804313890Z,0,2024-04-11T21:55:13.30918764Z,2024-04-11T21:55:13.865287803Z,2024-04-11T21:55:14.88449866Z,2024-04-11T21:55:13.881111490Z,2024-04-11T21:55:13.881124677Z,0,2024-04-11T21:55:15.356393234Z,2024-04-11T21:55:15.917681647Z,2024-04-11T21:55:16.938070237Z,2024-04-11T21:55:15.930882918Z,2024-04-11T21:55:15.931199518Z,0,2024-04-11T21:55:17.461387784Z,2024-04-11T21:55:18.007682495Z,2024-04-11T21:55:19.024735673Z,2024-04-11T21:55:18.018193489Z,2024-04-11T21:55:18.018205110Z,0
copy,1.8,-1,2024-04-11T21:08:12.20667988Z,2024-04-11T21:08:14.033573857Z,2024-04-11T21:08:15.224444662Z,2024-04-11T21:08:14.188466196Z,2024-04-11T21:08:14.208923494Z,2024-04-11T21:08:15.750849672Z,2024-04-11T21:08:16.363895086Z,2024-04-11T21:08:17.412512037Z,2024-04-11T21:08:16.391651548Z,2024-04-11T21:08:16.404666914Z,0,2024-04-11T21:08:17.920051369Z,2024-04-11T21:08:18.44259985Z,2024-04-11T21:08:19.493773359Z,2024-04-11T21:08:18.472011418Z,2024-04-11T21:08:18.485176350Z,0,2024-04-11T21:08:19.924039932Z,2024-04-11T21:08:20.484169129Z,2024-04-11T21:08:21.53268766Z,2024-04-11T21:08:20.511530491Z,2024-04-11T21:08:20.525464393Z,0,2024-04-11T21:08:22.024389367Z,2024-04-11T21:08:22.642627436Z,2024-04-11T21:08:23.690942564Z,2024-04-11T21:08:22.670272487Z,2024-04-11T21:08:22.683715805Z,0,2024-04-11T21:08:24.18690342Z,2024-04-11T21:08:24.802439733Z,2024-04-11T21:08:25.850034907Z,2024-04-11T21:08:24.829767218Z,2024-04-11T21:08:24.842789182Z,0
csv,2,-1,2024-04-11T21:15:07.30432206Z,2024-04-11T21:15:08.904456902Z,2024-04-11T21:15:10.165605638Z,2024-04-11T21:15:09.061570947Z,2024-04-11T21:15:09.151585660Z,2024-04-11T21:15:10.679235604Z,2024-04-11T21:15:11.279651134Z,2024-04-11T21:15:12.385287524Z,2024-04-11T21:15:11.314828784Z,2024-04-11T21:15:11.375812465Z,0,2024-04-11T21:15:12.916287207Z,2024-04-11T21:15:13.546904592Z,2024-04-11T21:15:14.645039386Z,2024-04-11T21:15:13.574860675Z,2024-04-11T21:15:13.635023197Z,0,2024-04-11T21:15:15.267697286Z,2024-04-11T21:15:15.869068824Z,2024-04-11T21:15:16.968382195Z,2024-04-11T21:15:15.898641906Z,2024-04-11T21:15:15.958201698Z,0,2024-04-11T21:15:17.412006511Z,2024-04-11T21:15:18.023965969Z,2024-04-11T21:15:19.128710785Z,2024-04-11T21:15:18.052134356Z,2024-04-11T21:15:18.117178222Z,0,2024-04-11T21:15:19.593088859Z,2024-04-11T21:15:20.16488688Z,2024-04-11T21:15:21.265053699Z,2024-04-11T21:15:20.193540900Z,2024-04-11T21:15:20.255686688Z,0
cv2,158.2,13.6,2024-04-11T21:36:07.9420158Z,2024-04-11T21:36:10.038140083Z,2024-04-11T21:36:12.877447461Z,2024-04-11T21:36:10.206465031Z,2024-04-11T21:36:11.772091670Z,2024-04-11T21:36:13.416995025Z,2024-04-11T21:36:13.982742964Z,2024-04-11T21:36:15.193610906Z,2024-04-11T21:36:13.995126729Z,2024-04-11T21:36:14.154747724Z,0,2024-04-11T21:36:15.716610993Z,2024-04-11T21:36:16.340700009Z,2024-04-11T21:36:17.561528282Z,2024-04-11T21:36:16.354498745Z,2024-04-11T21:36:16.527409548Z,0,2024-04-11T21:36:18.036546317Z,2024-04-11T21:36:18.574046578Z,2024-04-11T21:36:19.779400775Z,2024-04-11T21:36:18.587386743Z,2024-04-11T21:36:18.743181835Z,0,2024-04-11T21:36:20.28361042Z,2024-04-11T21:36:20.872150451Z,2024-04-11T21:36:22.073867499Z,2024-04-11T21:36:20.883648924Z,2024-04-11T21:36:21.040643200Z,0,2024-04-11T21:36:22.517919506Z,2024-04-11T21:36:23.06964138Z,2024-04-11T21:36:24.291332938Z,2024-04-11T21:36:23.084739876Z,2024-04-11T21:36:23.260996649Z,0
data,9.5,6.8,2024-04-11T21:55:33.78600572Z,2024-04-11T21:55:35.533593149Z,2024-04-11T21:55:36.825340787Z,2024-04-11T21:55:35.683736721Z,2024-04-11T21:55:35.814892292Z,2024-04-11T21:55:37.347345068Z,2024-04-11T21:55:37.940474603Z,2024-04-11T21:55:38.982925124Z,2024-04-11T21:55:37.955834981Z,2024-04-11T21:55:37.972684404Z,0,2024-04-11T21:55:39.531707149Z,2024-04-11T21:55:40.096960593Z,2024-04-11T21:55:41.141368838Z,2024-04-11T21:55:40.110266566Z,2024-04-11T21:55:40.130743420Z,0,2024-04-11T21:55:41.607299594Z,2024-04-11T21:55:42.155573055Z,2024-04-11T21:55:43.201028497Z,2024-04-11T21:55:42.168231187Z,2024-04-11T21:55:42.189308150Z,0,2024-04-11T21:55:43.71888968Z,2024-04-11T21:55:44.307525613Z,2024-04-11T21:55:45.353786194Z,2024-04-11T21:55:44.324204614Z,2024-04-11T21:55:44.342585298Z,0,2024-04-11T21:55:45.858659915Z,2024-04-11T21:55:46.488455254Z,2024-04-11T21:55:47.529828502Z,2024-04-11T21:55:46.498564094Z,2024-04-11T21:55:46.517132822Z,0
datacite,11,8.5,2024-04-11T21:13:11.758410013Z,2024-04-11T21:13:13.561851465Z,2024-04-11T21:13:15.598913447Z,2024-04-11T21:13:13.706973715Z,2024-04-11T21:13:14.562163780Z,2024-04-11T21:13:16.123272119Z,2024-04-11T21:13:16.734218227Z,2024-04-11T21:13:17.941683154Z,2024-04-11T21:13:16.747895057Z,2024-04-11T21:13:16.908298417Z,0,2024-04-11T21:13:18.463750892Z,2024-04-11T21:13:19.051143232Z,2024-04-11T21:13:20.250752527Z,2024-04-11T21:13:19.063847418Z,2024-04-11T21:13:19.221856707Z,0,2024-04-11T21:13:20.793364352Z,2024-04-11T21:13:21.40284716Z,2024-04-11T21:13:22.606045217Z,2024-04-11T21:13:21.415908223Z,2024-04-11T21:13:21.574859808Z,0,2024-04-11T21:13:23.151930507Z,2024-04-11T21:13:23.762592453Z,2024-04-11T21:13:24.965652007Z,2024-04-11T21:13:23.776055605Z,2024-04-11T21:13:23.934281644Z,0,2024-04-11T21:13:25.443215662Z,2024-04-11T21:13:25.968725485Z,2024-04-11T21:13:27.169299309Z,2024-04-11T21:13:25.982338579Z,2024-04-11T21:13:26.142592998Z,0
dataset,11.8,8.1,2024-04-11T21:26:12.204562822Z,2024-04-11T21:26:14.224491777Z,2024-04-11T21:26:16.611652699Z,2024-04-11T21:26:14.386827922Z,2024-04-11T21:26:15.549767853Z,2024-04-11T21:26:17.105680187Z,2024-04-11T21:26:17.690214671Z,2024-04-11T21:26:19.030184358Z,2024-04-11T21:26:17.702441148Z,2024-04-11T21:26:17.975958898Z,0,2024-04-11T21:26:19.508505195Z,2024-04-11T21:26:20.055670785Z,2024-04-11T21:26:21.392981846Z,2024-04-11T21:26:20.069525055Z,2024-04-11T21:26:20.339857166Z,0,2024-04-11T21:26:21.948379183Z,2024-04-11T21:26:22.475728758Z,2024-04-11T21:26:23.81992614Z,2024-04-11T21:26:22.489988053Z,2024-04-11T21:26:22.762050338Z,0,2024-04-11T21:26:24.309975696Z,2024-04-11T21:26:24.839509161Z,2024-04-11T21:26:26.186961707Z,2024-04-11T21:26:24.853518053Z,2024-04-11T21:26:25.129648473Z,0,2024-04-11T21:26:26.627343814Z,2024-04-11T21:26:27.259619388Z,2024-04-11T21:26:28.600391075Z,2024-04-11T21:26:27.273249184Z,2024-04-11T21:26:27.544417714Z,0
datetime,9.1,6.4,2024-04-11T21:08:38.980741762Z,2024-04-11T21:08:40.838144912Z,2024-04-11T21:08:42.062920228Z,2024-04-11T21:08:41.034054039Z,2024-04-11T21:08:41.049827850Z,2024-04-11T21:08:42.591020592Z,2024-04-11T21:08:43.124169401Z,2024-04-11T21:08:44.154157245Z,2024-04-11T21:08:43.146737503Z,2024-04-11T21:08:43.146747926Z,0,2024-04-11T21:08:44.643437243Z,2024-04-11T21:08:45.260817162Z,2024-04-11T21:08:46.292239594Z,2024-04-11T21:08:45.282925627Z,2024-04-11T21:08:45.283332770Z,0,2024-04-11T21:08:46.742539244Z,2024-04-11T21:08:47.32578092Z,2024-04-11T21:08:48.358996475Z,2024-04-11T21:08:47.350519091Z,2024-04-11T21:08:47.350531785Z,0,2024-04-11T21:08:48.873828083Z,2024-04-11T21:08:49.417149919Z,2024-04-11T21:08:50.448585935Z,2024-04-11T21:08:49.440275261Z,2024-04-11T21:08:49.440288335Z,0,2024-04-11T21:08:50.964301151Z,2024-04-11T21:08:51.489250982Z,2024-04-11T21:08:52.520672157Z,2024-04-11T21:08:51.511464783Z,2024-04-11T21:08:51.511935124Z,0
deriva,14.5,11.8,2024-04-11T21:31:54.141497287Z,2024-04-11T21:31:55.926368259Z,2024-04-11T21:31:57.183503448Z,2024-04-11T21:31:56.088617844Z,2024-04-11T21:31:56.169371464Z,2024-04-11T21:31:57.702770515Z,2024-04-11T21:31:58.289427286Z,2024-04-11T21:31:59.331114795Z,2024-04-11T21:31:58.302738442Z,2024-04-11T21:31:58.320576287Z,0,2024-04-11T21:31:59.925787041Z,2024-04-11T21:32:00.485255631Z,2024-04-11T21:32:01.527472351Z,2024-04-11T21:32:00.498777883Z,2024-04-11T21:32:00.516624317Z,0,2024-04-11T21:32:01.984020519Z,2024-04-11T21:32:02.494833994Z,2024-04-11T21:32:03.53733943Z,2024-04-11T21:32:02.508714625Z,2024-04-11T21:32:02.526587338Z,0,2024-04-11T21:32:04.09438911Z,2024-04-11T21:32:04.712050561Z,2024-04-11T21:32:05.754414062Z,2024-04-11T21:32:04.727776945Z,2024-04-11T21:32:04.744036809Z,0,2024-04-11T21:32:06.27696548Z,2024-04-11T21:32:06.851078542Z,2024-04-11T21:32:07.893176383Z,2024-04-11T21:32:06.864590411Z,2024-04-11T21:32:06.883037715Z,0
dill,8.4,5.5,2024-04-11T21:57:37.272812776Z,2024-04-11T21:57:39.088329882Z,2024-04-11T21:57:40.599748362Z,2024-04-11T21:57:39.241122166Z,2024-04-11T21:57:39.578927163Z,2024-04-11T21:57:41.132801938Z,2024-04-11T21:57:41.696372758Z,2024-04-11T21:57:42.817155474Z,2024-04-11T21:57:41.710303333Z,2024-04-11T21:57:41.795283028Z,0,2024-04-11T21:57:43.342355716Z,2024-04-11T21:57:43.948545604Z,2024-04-11T21:57:45.068390217Z,2024-04-11T21:57:43.961892351Z,2024-04-11T21:57:44.046330425Z,0,2024-04-11T21:57:45.534651597Z,2024-04-11T21:57:46.108681015Z,2024-04-11T21:57:47.229900982Z,2024-04-11T21:57:46.121800760Z,2024-04-11T21:57:46.206357796Z,0,2024-04-11T21:57:47.772860418Z,2024-04-11T21:57:48.319413319Z,2024-04-11T21:57:49.43924696Z,2024-04-11T21:57:48.331859260Z,2024-04-11T21:57:48.416760572Z,0,2024-04-11T21:57:49.960164986Z,2024-04-11T21:57:50.607220735Z,2024-04-11T21:57:51.727730512Z,2024-04-11T21:57:50.634245705Z,2024-04-11T21:57:50.705291819Z,0
eqsql,20.6,17.5,2024-04-11T21:38:00.569682576Z,2024-04-11T21:38:02.675731106Z,2024-04-11T21:38:03.89381868Z,2024-04-11T21:38:02.866786548Z,2024-04-11T21:38:02.882749930Z,2024-04-11T21:38:04.372779064Z,2024-04-11T21:38:04.964646088Z,2024-04-11T21:38:05.987570324Z,2024-04-11T21:38:04.978213011Z,2024-04-11T21:38:04.978785063Z,0,2024-04-11T21:38:06.529986145Z,2024-04-11T21:38:07.098954105Z,2024-04-11T21:38:08.118084388Z,2024-04-11T21:38:07.111232154Z,2024-04-11T21:38:07.111608074Z,0,2024-04-11T21:38:08.599499759Z,2024-04-11T21:38:09.184737062Z,2024-04-11T21:38:10.20639917Z,2024-04-11T21:38:09.199291590Z,2024-04-11T21:38:09.199678984Z,0,2024-04-11T21:38:10.655317434Z,2024-04-11T21:38:11.223395196Z,2024-04-11T21:38:12.24510408Z,2024-04-11T21:38:11.237450365Z,2024-04-11T21:38:11.238094953Z,0,2024-04-11T21:38:12.730187466Z,2024-04-11T21:38:13.321757786Z,2024-04-11T21:38:14.343217772Z,2024-04-11T21:38:13.335836196Z,2024-04-11T21:38:13.336316261Z,0
fnmatch,2,-1,2024-04-11T21:52:02.504224592Z,2024-04-11T21:52:04.488409467Z,2024-04-11T21:52:05.779892172Z,2024-04-11T21:52:04.682040385Z,2024-04-11T21:52:04.765811193Z,2024-04-11T21:52:06.310712763Z,2024-04-11T21:52:06.8674532Z,2024-04-11T21:52:07.962813629Z,2024-04-11T21:52:06.895522431Z,2024-04-11T21:52:06.953957440Z,0,2024-04-11T21:52:08.471652267Z,2024-04-11T21:52:09.080801814Z,2024-04-11T21:52:10.175567196Z,2024-04-11T21:52:09.109204352Z,2024-04-11T21:52:09.166531005Z,0,2024-04-11T21:52:10.718539482Z,2024-04-11T21:52:11.281599447Z,2024-04-11T21:52:12.378495531Z,2024-04-11T21:52:11.310010161Z,2024-04-11T21:52:11.369733576Z,0,2024-04-11T21:52:12.941621694Z,2024-04-11T21:52:13.483645721Z,2024-04-11T21:52:14.58033578Z,2024-04-11T21:52:13.512163273Z,2024-04-11T21:52:13.571101954Z,0,2024-04-11T21:52:15.129348697Z,2024-04-11T21:52:15.699300862Z,2024-04-11T21:52:16.797667393Z,2024-04-11T21:52:15.727555628Z,2024-04-11T21:52:15.789408332Z,0
funcx,17.8,14.9,2024-04-11T21:23:25.406829308Z,2024-04-11T21:23:27.477783976Z,2024-04-11T21:23:30.398826649Z,2024-04-11T21:23:27.699891111Z,2024-04-11T21:23:29.339955545Z,2024-04-11T21:23:30.953658589Z,2024-04-11T21:23:31.482290602Z,2024-04-11T21:23:32.829156076Z,2024-04-11T21:23:31.497256318Z,2024-04-11T21:23:31.776584756Z,0,2024-04-11T21:23:33.341837089Z,2024-04-11T21:23:33.959739286Z,2024-04-11T21:23:35.310990523Z,2024-04-11T21:23:33.975379864Z,2024-04-11T21:23:34.259416629Z,0,2024-04-11T21:23:35.768726474Z,2024-04-11T21:23:36.35746489Z,2024-04-11T21:23:37.703992498Z,2024-04-11T21:23:36.372133076Z,2024-04-11T21:23:36.652625591Z,0,2024-04-11T21:23:38.172780067Z,2024-04-11T21:23:38.691942705Z,2024-04-11T21:23:40.041078069Z,2024-04-11T21:23:38.706243452Z,2024-04-11T21:23:38.989060800Z,0,2024-04-11T21:23:40.565710662Z,2024-04-11T21:23:41.18020309Z,2024-04-11T21:23:42.53262908Z,2024-04-11T21:23:41.193613616Z,2024-04-11T21:23:41.482460929Z,0
glob,2.1,-1,2024-04-11T21:16:36.453610135Z,2024-04-11T21:16:38.119758581Z,2024-04-11T21:16:39.376653479Z,2024-04-11T21:16:38.271878188Z,2024-04-11T21:16:38.362553074Z,2024-04-11T21:16:39.980313093Z,2024-04-11T21:16:40.508045639Z,2024-04-11T21:16:41.62027425Z,2024-04-11T21:16:40.545538658Z,2024-04-11T21:16:40.611520559Z,0,2024-04-11T21:16:42.11288222Z,2024-04-11T21:16:42.735315713Z,2024-04-11T21:16:43.838479148Z,2024-04-11T21:16:42.765190694Z,2024-04-11T21:16:42.828879544Z,0,2024-04-11T21:16:44.366945386Z,2024-04-11T21:16:44.975435186Z,2024-04-11T21:16:46.078242733Z,2024-04-11T21:16:45.005043419Z,2024-04-11T21:16:45.069083788Z,0,2024-04-11T21:16:46.610179495Z,2024-04-11T21:16:47.211441935Z,2024-04-11T21:16:48.317603944Z,2024-04-11T21:16:47.243097916Z,2024-04-11T21:16:47.308321271Z,0,2024-04-11T21:16:48.837628703Z,2024-04-11T21:16:49.41105147Z,2024-04-11T21:16:50.514154967Z,2024-04-11T21:16:49.440753046Z,2024-04-11T21:16:49.504640684Z,0
globus_sdk,10.6,7.9,2024-04-11T21:32:23.739235535Z,2024-04-11T21:32:25.636151341Z,2024-04-11T21:32:26.884410825Z,2024-04-11T21:32:25.785736703Z,2024-04-11T21:32:25.867689834Z,2024-04-11T21:32:27.413341247Z,2024-04-11T21:32:27.944197241Z,2024-04-11T21:32:28.991908928Z,2024-04-11T21:32:27.956577872Z,2024-04-11T21:32:27.979607217Z,0,2024-04-11T21:32:29.482599895Z,2024-04-11T21:32:30.011481439Z,2024-04-11T21:32:31.060885784Z,2024-04-11T21:32:30.025848996Z,2024-04-11T21:32:30.049715908Z,0,2024-04-11T21:32:31.561178748Z,2024-04-11T21:32:32.171712025Z,2024-04-11T21:32:33.223392133Z,2024-04-11T21:32:32.187033571Z,2024-04-11T21:32:32.210196368Z,0,2024-04-11T21:32:33.651067546Z,2024-04-11T21:32:34.289051037Z,2024-04-11T21:32:35.336930861Z,2024-04-11T21:32:34.302383235Z,2024-04-11T21:32:34.325766311Z,0,2024-04-11T21:32:35.840107061Z,2024-04-11T21:32:36.386263176Z,2024-04-11T21:32:37.43475294Z,2024-04-11T21:32:36.399909288Z,2024-04-11T21:32:36.423064592Z,0
gzip,4.4,-1,2024-04-11T21:59:48.485900612Z,2024-04-11T21:59:51.647555863Z,2024-04-11T21:59:53.047809551Z,2024-04-11T21:59:51.984367880Z,2024-04-11T21:59:52.026136118Z,2024-04-11T21:59:54.358593586Z,2024-04-11T21:59:55.101552904Z,2024-04-11T21:59:56.146290411Z,2024-04-11T21:59:55.130848278Z,2024-04-11T21:59:55.138140250Z,0,2024-04-11T21:59:56.782517492Z,2024-04-11T21:59:57.607817448Z,2024-04-11T21:59:58.654171979Z,2024-04-11T21:59:57.639629905Z,2024-04-11T21:59:57.646711959Z,0,2024-04-11T21:59:59.408938229Z,2024-04-11T22:00:00.193456981Z,2024-04-11T22:00:01.236226989Z,2024-04-11T22:00:00.222393465Z,2024-04-11T22:00:00.230089407Z,0,2024-04-11T22:00:02.035407009Z,2024-04-11T22:00:02.871249973Z,2024-04-11T22:00:03.915440837Z,2024-04-11T22:00:02.899725132Z,2024-04-11T22:00:02.907064848Z,0,2024-04-11T22:00:04.611717167Z,2024-04-11T22:00:05.349247769Z,2024-04-11T22:00:06.394310518Z,2024-04-11T22:00:05.378902540Z,2024-04-11T22:00:05.386238041Z,0
h5py,14.4,10.9,2024-04-11T21:09:11.757368996Z,2024-04-11T21:09:13.537592273Z,2024-04-11T21:09:15.823615488Z,2024-04-11T21:09:13.686712283Z,2024-04-11T21:09:14.784670787Z,2024-04-11T21:09:16.356585388Z,2024-04-11T21:09:16.93711632Z,2024-04-11T21:09:18.142834103Z,2024-04-11T21:09:16.950098687Z,2024-04-11T21:09:17.109756175Z,0,2024-04-11T21:09:18.653327751Z,2024-04-11T21:09:19.235000148Z,2024-04-11T21:09:20.433217945Z,2024-04-11T21:09:19.248357990Z,2024-04-11T21:09:19.397818465Z,0,2024-04-11T21:09:20.866368104Z,2024-04-11T21:09:21.427460761Z,2024-04-11T21:09:22.621232583Z,2024-04-11T21:09:21.439445162Z,2024-04-11T21:09:21.589962155Z,0,2024-04-11T21:09:23.070170441Z,2024-04-11T21:09:23.617421966Z,2024-04-11T21:09:24.817828284Z,2024-04-11T21:09:23.631485649Z,2024-04-11T21:09:23.783944832Z,0,2024-04-11T21:09:25.336108081Z,2024-04-11T21:09:25.86102279Z,2024-04-11T21:09:27.063193526Z,2024-04-11T21:09:25.875995860Z,2024-04-11T21:09:26.027075953Z,0
hashlib,2.1,-1,2024-04-11T20:54:20.557728327Z,2024-04-11T20:54:22.909610215Z,2024-04-11T20:54:24.317424654Z,2024-04-11T20:54:23.093690141Z,2024-04-11T20:54:23.302294578Z,2024-04-11T20:54:25.063489057Z,2024-04-11T20:54:25.887213535Z,2024-04-11T20:54:26.934740389Z,2024-04-11T20:54:25.921452057Z,2024-04-11T20:54:25.926586097Z,0,2024-04-11T20:54:27.536521738Z,2024-04-11T20:54:28.371919315Z,2024-04-11T20:54:29.414479034Z,2024-04-11T20:54:28.400503834Z,2024-04-11T20:54:28.405930013Z,0,2024-04-11T20:54:30.175011627Z,2024-04-11T20:54:30.776589613Z,2024-04-11T20:54:31.818214422Z,2024-04-11T20:54:30.804465550Z,2024-04-11T20:54:30.809651698Z,0,2024-04-11T20:54:32.403478232Z,2024-04-11T20:54:33.20174156Z,2024-04-11T20:54:34.244086031Z,2024-04-11T20:54:33.231407773Z,2024-04-11T20:54:33.236769237Z,0,2024-04-11T20:54:34.818930726Z,2024-04-11T20:54:35.598044114Z,2024-04-11T20:54:36.642125448Z,2024-04-11T20:54:35.628769356Z,2024-04-11T20:54:35.634133306Z,0
home_run,10.3,7.1,2024-04-11T20:55:46.422824243Z,2024-04-11T20:55:48.905233294Z,2024-04-11T20:55:50.292567952Z,2024-04-11T20:55:49.109511292Z,2024-04-11T20:55:49.276392321Z,2024-04-11T20:55:50.755025226Z,2024-04-11T20:55:51.421970532Z,2024-04-11T20:55:52.475337605Z,2024-04-11T20:55:51.435018731Z,2024-04-11T20:55:51.463075318Z,0,2024-04-11T20:55:53.061966709Z,2024-04-11T20:55:53.664975541Z,2024-04-11T20:55:54.721256673Z,2024-04-11T20:55:53.679784775Z,2024-04-11T20:55:53.707211102Z,0,2024-04-11T20:55:55.230473722Z,2024-04-11T20:55:55.812026969Z,2024-04-11T20:55:56.864725288Z,2024-04-11T20:55:55.824049173Z,2024-04-11T20:55:55.852379064Z,0,2024-04-11T20:55:57.338935452Z,2024-04-11T20:55:57.998695056Z,2024-04-11T20:55:59.055225247Z,2024-04-11T20:55:58.019280116Z,2024-04-11T20:55:58.041340791Z,0,2024-04-11T20:55:59.498889999Z,2024-04-11T20:56:00.026343899Z,2024-04-11T20:56:01.081631835Z,2024-04-11T20:56:00.041095909Z,2024-04-11T20:56:00.068711220Z,0
identify,8,5.6,2024-04-11T21:52:29.329606948Z,2024-04-11T21:52:31.283371792Z,2024-04-11T21:52:32.462482025Z,2024-04-11T21:52:31.434225855Z,2024-04-11T21:52:31.449547175Z,2024-04-11T21:52:32.981794998Z,2024-04-11T21:52:33.605321392Z,2024-04-11T21:52:34.62569055Z,2024-04-11T21:52:33.619086586Z,2024-04-11T21:52:33.619431708Z,0,2024-04-11T21:52:35.114211566Z,2024-04-11T21:52:35.712284747Z,2024-04-11T21:52:36.732615493Z,2024-04-11T21:52:35.725884587Z,2024-04-11T21:52:35.726194548Z,0,2024-04-11T21:52:37.179862285Z,2024-04-11T21:52:37.768078479Z,2024-04-11T21:52:38.788588215Z,2024-04-11T21:52:37.781447943Z,2024-04-11T21:52:37.781837650Z,0,2024-04-11T21:52:39.328963675Z,2024-04-11T21:52:39.917536434Z,2024-04-11T21:52:40.93908158Z,2024-04-11T21:52:39.931917632Z,2024-04-11T21:52:39.932411461Z,0,2024-04-11T21:52:41.454585807Z,2024-04-11T21:52:42.036544656Z,2024-04-11T21:52:43.058795196Z,2024-04-11T21:52:42.050366188Z,2024-04-11T21:52:42.050741298Z,0
imageio,20.8,15.3,2024-04-11T21:58:43.854969903Z,2024-04-11T21:58:46.585410673Z,2024-04-11T21:58:48.982272609Z,2024-04-11T21:58:46.897934124Z,2024-04-11T21:58:47.929569553Z,2024-04-11T21:58:49.652694023Z,2024-04-11T21:58:50.490221306Z,2024-04-11T21:58:51.685659219Z,2024-04-11T21:58:50.503439364Z,2024-04-11T21:58:50.650182577Z,0,2024-04-11T21:58:52.416028984Z,2024-04-11T21:58:53.116655133Z,2024-04-11T21:58:54.305359582Z,2024-04-11T21:58:53.129585953Z,2024-04-11T21:58:53.273850945Z,0,2024-04-11T21:58:55.163667392Z,2024-04-11T21:58:56.098539805Z,2024-04-11T21:58:57.303302543Z,2024-04-11T21:58:56.112561547Z,2024-04-11T21:58:56.273682039Z,0,2024-04-11T21:58:58.049183892Z,2024-04-11T21:58:59.662581155Z,2024-04-11T21:59:00.851099401Z,2024-04-11T21:58:59.682515444Z,2024-04-11T21:58:59.819646763Z,0,2024-04-11T21:59:01.813476802Z,2024-04-11T21:59:03.097088403Z,2024-04-11T21:59:04.282720277Z,2024-04-11T21:59:03.128473219Z,2024-04-11T21:59:03.254423454Z,0
imblearn,25.7,20.9,2024-04-11T21:26:59.82129765Z,2024-04-11T21:27:01.889295732Z,2024-04-11T21:27:07.269247034Z,2024-04-11T21:27:02.037109849Z,2024-04-11T21:27:06.114567822Z,2024-04-11T21:27:07.735851319Z,2024-04-11T21:27:08.289301598Z,2024-04-11T21:27:10.183538438Z,2024-04-11T21:27:08.302860218Z,2024-04-11T21:27:09.068573286Z,0,2024-04-11T21:27:10.703588895Z,2024-04-11T21:27:11.302037046Z,2024-04-11T21:27:13.19740127Z,2024-04-11T21:27:11.325783186Z,2024-04-11T21:27:12.085350525Z,0,2024-04-11T21:27:13.686028265Z,2024-04-11T21:27:14.26280736Z,2024-04-11T21:27:16.170164197Z,2024-04-11T21:27:14.276538694Z,2024-04-11T21:27:15.055747836Z,0,2024-04-11T21:27:16.66792749Z,2024-04-11T21:27:17.31370573Z,2024-04-11T21:27:19.214072541Z,2024-04-11T21:27:17.326439821Z,2024-04-11T21:27:18.099573860Z,0,2024-04-11T21:27:19.702035633Z,2024-04-11T21:27:20.290897616Z,2024-04-11T21:27:22.202258579Z,2024-04-11T21:27:20.303142011Z,2024-04-11T21:27:21.089701103Z,0
importlib,1.8,-1,2024-04-11T21:57:58.151792858Z,2024-04-11T21:57:59.942591195Z,2024-04-11T21:58:01.129162347Z,2024-04-11T21:58:00.097622247Z,2024-04-11T21:58:00.116743040Z,2024-04-11T21:58:01.834355937Z,2024-04-11T21:58:02.747522661Z,2024-04-11T21:58:03.787098762Z,2024-04-11T21:58:02.777420865Z,2024-04-11T21:58:02.779006961Z,0,2024-04-11T21:58:04.492829867Z,2024-04-11T21:58:05.396253357Z,2024-04-11T21:58:06.43506121Z,2024-04-11T21:58:05.425912674Z,2024-04-11T21:58:05.427357866Z,0,2024-04-11T21:58:07.555444962Z,2024-04-11T21:58:08.341607471Z,2024-04-11T21:58:09.376948733Z,2024-04-11T21:58:08.367699577Z,2024-04-11T21:58:08.369099956Z,0,2024-04-11T21:58:10.13967958Z,2024-04-11T21:58:10.991442867Z,2024-04-11T21:58:12.029662416Z,2024-04-11T21:58:11.020426432Z,2024-04-11T21:58:11.021907896Z,0,2024-04-11T21:58:12.815747422Z,2024-04-11T21:58:13.678513879Z,2024-04-11T21:58:14.716084957Z,2024-04-11T21:58:13.707857103Z,2024-04-11T21:58:13.709370147Z,0
inspect,1.9,-1,2024-04-11T21:38:21.641153507Z,2024-04-11T21:38:23.460206481Z,2024-04-11T21:38:24.806421577Z,2024-04-11T21:38:23.643849324Z,2024-04-11T21:38:23.789415116Z,2024-04-11T21:38:25.381597944Z,2024-04-11T21:38:25.906785283Z,2024-04-11T21:38:27.054889102Z,2024-04-11T21:38:25.935512366Z,2024-04-11T21:38:26.043417462Z,0,2024-04-11T21:38:27.569005692Z,2024-04-11T21:38:28.275295037Z,2024-04-11T21:38:29.351138957Z,2024-04-11T21:38:28.226073197Z,2024-04-11T21:38:28.338668878Z,0,2024-04-11T21:38:29.87713665Z,2024-04-11T21:38:30.444517785Z,2024-04-11T21:38:31.599194768Z,2024-04-11T21:38:30.479123326Z,2024-04-11T21:38:30.587796308Z,0,2024-04-11T21:38:32.126279031Z,2024-04-11T21:38:32.658677167Z,2024-04-11T21:38:33.806950995Z,2024-04-11T21:38:32.687193278Z,2024-04-11T21:38:32.795741696Z,0,2024-04-11T21:38:34.246965648Z,2024-04-11T21:38:34.839328965Z,2024-04-11T21:38:35.988207923Z,2024-04-11T21:38:34.868035707Z,2024-04-11T21:38:34.976041435Z,0
io,2,-1,2024-04-11T21:41:37.35051478Z,2024-04-11T21:41:39.157662566Z,2024-04-11T21:41:40.333896225Z,2024-04-11T21:41:39.322001951Z,2024-04-11T21:41:39.322013731Z,2024-04-11T21:41:40.84501578Z,2024-04-11T21:41:41.367844822Z,2024-04-11T21:41:42.39899343Z,2024-04-11T21:41:41.391922705Z,2024-04-11T21:41:41.391929582Z,0,2024-04-11T21:41:42.966634778Z,2024-04-11T21:41:43.600300856Z,2024-04-11T21:41:44.634605162Z,2024-04-11T21:41:43.627346319Z,2024-04-11T21:41:43.627352889Z,0,2024-04-11T21:41:45.171334053Z,2024-04-11T21:41:45.765124116Z,2024-04-11T21:41:46.802277717Z,2024-04-11T21:41:45.794821682Z,2024-04-11T21:41:45.794827499Z,0,2024-04-11T21:41:47.334754289Z,2024-04-11T21:41:47.872219468Z,2024-04-11T21:41:48.907598548Z,2024-04-11T21:41:47.900409036Z,2024-04-11T21:41:47.900415139Z,0,2024-04-11T21:41:49.408725601Z,2024-04-11T21:41:49.959325014Z,2024-04-11T21:41:50.990766222Z,2024-04-11T21:41:49.987635223Z,2024-04-11T21:41:49.987646018Z,0
ipdb,13.4,10.4,2024-04-11T21:57:05.069590484Z,2024-04-11T21:57:06.90772166Z,2024-04-11T21:57:10.096054024Z,2024-04-11T21:57:07.053511701Z,2024-04-11T21:57:09.018957993Z,2024-04-11T21:57:10.78363369Z,2024-04-11T21:57:11.366079889Z,2024-04-11T21:57:12.902630603Z,2024-04-11T21:57:11.380112289Z,2024-04-11T21:57:11.826182807Z,0,2024-04-11T21:57:13.456670439Z,2024-04-11T21:57:14.038975376Z,2024-04-11T21:57:15.584276224Z,2024-04-11T21:57:14.052517678Z,2024-04-11T21:57:14.505774074Z,0,2024-04-11T21:57:16.094486138Z,2024-04-11T21:57:16.753848396Z,2024-04-11T21:57:18.277899438Z,2024-04-11T21:57:16.766305611Z,2024-04-11T21:57:17.203106901Z,0,2024-04-11T21:57:18.809079705Z,2024-04-11T21:57:19.358646479Z,2024-04-11T21:57:20.890853881Z,2024-04-11T21:57:19.372483532Z,2024-04-11T21:57:19.815777903Z,0,2024-04-11T21:57:21.38446519Z,2024-04-11T21:57:21.966245861Z,2024-04-11T21:57:23.49873701Z,2024-04-11T21:57:21.983032217Z,2024-04-11T21:57:22.423305987Z,0
itertools,1.9,-1,2024-04-11T21:55:54.059922639Z,2024-04-11T21:55:55.80118412Z,2024-04-11T21:55:56.966710881Z,2024-04-11T21:55:55.954504351Z,2024-04-11T21:55:55.954803415Z,2024-04-11T21:55:57.576410709Z,2024-04-11T21:55:58.136250483Z,2024-04-11T21:55:59.171294755Z,2024-04-11T21:55:58.163770769Z,2024-04-11T21:55:58.163943741Z,0,2024-04-11T21:55:59.692016664Z,2024-04-11T21:56:00.283961214Z,2024-04-11T21:56:01.320557767Z,2024-04-11T21:56:00.312122246Z,2024-04-11T21:56:00.312271410Z,0,2024-04-11T21:56:01.790414676Z,2024-04-11T21:56:02.3343628Z,2024-04-11T21:56:03.3714166Z,2024-04-11T21:56:02.363166428Z,2024-04-11T21:56:02.363321876Z,0,2024-04-11T21:56:03.896450853Z,2024-04-11T21:56:04.481354999Z,2024-04-11T21:56:05.517439158Z,2024-04-11T21:56:04.509920369Z,2024-04-11T21:56:04.510027513Z,0,2024-04-11T21:56:06.046313244Z,2024-04-11T21:56:06.586361283Z,2024-04-11T21:56:07.62403324Z,2024-04-11T21:56:06.616224594Z,2024-04-11T21:56:06.616365411Z,0
json,1.8,-1,2024-04-11T20:56:07.915450408Z,2024-04-11T20:56:09.767625395Z,2024-04-11T20:56:11.12985499Z,2024-04-11T20:56:10.003786167Z,2024-04-11T20:56:10.114717727Z,2024-04-11T20:56:11.69781753Z,2024-04-11T20:56:12.254644681Z,2024-04-11T20:56:13.35766071Z,2024-04-11T20:56:12.282751441Z,2024-04-11T20:56:12.348105958Z,0,2024-04-11T20:56:13.881188722Z,2024-04-11T20:56:14.487439256Z,2024-04-11T20:56:15.592624797Z,2024-04-11T20:56:14.517118667Z,2024-04-11T20:56:14.582706799Z,0,2024-04-11T20:56:16.097387073Z,2024-04-11T20:56:16.71056759Z,2024-04-11T20:56:17.815724473Z,2024-04-11T20:56:16.739918888Z,2024-04-11T20:56:16.806396496Z,0,2024-04-11T20:56:18.290845495Z,2024-04-11T20:56:18.850957018Z,2024-04-11T20:56:19.954113766Z,2024-04-11T20:56:18.879454890Z,2024-04-11T20:56:18.944775112Z,0,2024-04-11T20:56:20.475356889Z,2024-04-11T20:56:21.073979236Z,2024-04-11T20:56:22.176266624Z,2024-04-11T20:56:21.102533884Z,2024-04-11T20:56:21.167346932Z,0
jsonschema,8.6,6,2024-04-11T21:13:40.75749009Z,2024-04-11T21:13:42.481764666Z,2024-04-11T21:13:44.331343205Z,2024-04-11T21:13:42.630140611Z,2024-04-11T21:13:43.302587444Z,2024-04-11T21:13:44.855888806Z,2024-04-11T21:13:45.511465788Z,2024-04-11T21:13:46.681163258Z,2024-04-11T21:13:45.524605897Z,2024-04-11T21:13:45.654870997Z,0,2024-04-11T21:13:47.184328175Z,2024-04-11T21:13:47.692027617Z,2024-04-11T21:13:48.860398515Z,2024-04-11T21:13:47.702905307Z,2024-04-11T21:13:47.832977253Z,0,2024-04-11T21:13:49.328827531Z,2024-04-11T21:13:49.957256547Z,2024-04-11T21:13:51.127978044Z,2024-04-11T21:13:49.970948501Z,2024-04-11T21:13:50.102318200Z,0,2024-04-11T21:13:51.626231864Z,2024-04-11T21:13:52.138870667Z,2024-04-11T21:13:53.307082828Z,2024-04-11T21:13:52.151514053Z,2024-04-11T21:13:52.279734217Z,0,2024-04-11T21:13:53.733836501Z,2024-04-11T21:13:54.332095216Z,2024-04-11T21:13:55.499775331Z,2024-04-11T21:13:54.348432645Z,2024-04-11T21:13:54.473168463Z,0
kafka,8,5.5,2024-04-11T21:29:57.125255163Z,2024-04-11T21:29:58.952151555Z,2024-04-11T21:30:00.625202811Z,2024-04-11T21:29:59.099115284Z,2024-04-11T21:29:59.588478206Z,2024-04-11T21:30:01.154810551Z,2024-04-11T21:30:01.756820509Z,2024-04-11T21:30:02.877341324Z,2024-04-11T21:30:01.770876271Z,2024-04-11T21:30:01.856230388Z,0,2024-04-11T21:30:03.350632369Z,2024-04-11T21:30:03.892612578Z,2024-04-11T21:30:05.011659477Z,2024-04-11T21:30:03.906126771Z,2024-04-11T21:30:03.990783646Z,0,2024-04-11T21:30:05.51547803Z,2024-04-11T21:30:06.089563699Z,2024-04-11T21:30:07.208513642Z,2024-04-11T21:30:06.102418700Z,2024-04-11T21:30:06.186057612Z,0,2024-04-11T21:30:07.652384991Z,2024-04-11T21:30:08.288673895Z,2024-04-11T21:30:09.397936049Z,2024-04-11T21:30:08.298682885Z,2024-04-11T21:30:08.376891720Z,0,2024-04-11T21:30:09.924740787Z,2024-04-11T21:30:10.497297655Z,2024-04-11T21:30:11.612732168Z,2024-04-11T21:30:10.509304307Z,2024-04-11T21:30:10.592465726Z,0
keras,84.6,65.1,2024-04-11T21:18:40.091119853Z,2024-04-11T21:18:42.31865007Z,2024-04-11T21:18:50.153892084Z,2024-04-11T21:18:42.555473257Z,2024-04-11T21:18:50.151705722Z,2024-04-11T21:18:50.763500957Z,2024-04-11T21:18:51.31728912Z,2024-04-11T21:18:52.150997942Z,2024-04-11T21:18:51.330676115Z,2024-04-11T21:18:52.149025715Z,0,2024-04-11T21:18:52.694411372Z,2024-04-11T21:18:53.235296985Z,2024-04-11T21:18:54.070734202Z,2024-04-11T21:18:53.248332121Z,2024-04-11T21:18:54.068904652Z,0,2024-04-11T21:18:54.708113499Z,2024-04-11T21:18:55.318269926Z,2024-04-11T21:18:56.148247431Z,2024-04-11T21:18:55.331644374Z,2024-04-11T21:18:56.146518207Z,0,2024-04-11T21:18:56.652312534Z,2024-04-11T21:18:57.236280456Z,2024-04-11T21:18:58.07656548Z,2024-04-11T21:18:57.249564463Z,2024-04-11T21:18:58.074762692Z,0,2024-04-11T21:18:58.581690913Z,2024-04-11T21:18:59.190391611Z,2024-04-11T21:19:00.0179052Z,2024-04-11T21:18:59.203256926Z,2024-04-11T21:19:00.016044334Z,0
libensemble,18.2,14.7,2024-04-11T21:38:58.621441652Z,2024-04-11T21:39:00.548737746Z,2024-04-11T21:39:03.593588501Z,2024-04-11T21:39:00.707345195Z,2024-04-11T21:39:02.520851587Z,2024-04-11T21:39:04.224339874Z,2024-04-11T21:39:04.760885255Z,2024-04-11T21:39:06.357010881Z,2024-04-11T21:39:04.772912886Z,2024-04-11T21:39:05.290515354Z,0,2024-04-11T21:39:06.921643808Z,2024-04-11T21:39:07.46950198Z,2024-04-11T21:39:09.088230706Z,2024-04-11T21:39:07.482627663Z,2024-04-11T21:39:08.023640084Z,0,2024-04-11T21:39:09.907382157Z,2024-04-11T21:39:10.562187698Z,2024-04-11T21:39:12.150642994Z,2024-04-11T21:39:10.575489556Z,2024-04-11T21:39:11.086819899Z,0,2024-04-11T21:39:12.658320081Z,2024-04-11T21:39:13.218203061Z,2024-04-11T21:39:14.803607004Z,2024-04-11T21:39:13.231730327Z,2024-04-11T21:39:13.746742632Z,0,2024-04-11T21:39:15.252773806Z,2024-04-11T21:39:15.849720226Z,2024-04-11T21:39:17.434463924Z,2024-04-11T21:39:15.863233517Z,2024-04-11T21:39:16.372041827Z,0
logging,2.1,-1,2024-04-11T21:09:54.862622152Z,2024-04-11T21:09:56.550017833Z,2024-04-11T21:09:57.880765395Z,2024-04-11T21:09:56.706831557Z,2024-04-11T21:09:56.864522434Z,2024-04-11T21:09:58.435294195Z,2024-04-11T21:09:59.051426104Z,2024-04-11T21:10:00.195370545Z,2024-04-11T21:09:59.080149923Z,2024-04-11T21:09:59.182950352Z,0,2024-04-11T21:10:00.74332938Z,2024-04-11T21:10:01.343119915Z,2024-04-11T21:10:02.48721551Z,2024-04-11T21:10:01.370748002Z,2024-04-11T21:10:01.476042435Z,0,2024-04-11T21:10:02.958979578Z,2024-04-11T21:10:03.676381377Z,2024-04-11T21:10:04.818244592Z,2024-04-11T21:10:03.704440975Z,2024-04-11T21:10:03.808217899Z,0,2024-04-11T21:10:05.312901685Z,2024-04-11T21:10:05.869804421Z,2024-04-11T21:10:07.019326333Z,2024-04-11T21:10:05.900061863Z,2024-04-11T21:10:06.006938344Z,0,2024-04-11T21:10:07.550994285Z,2024-04-11T21:10:08.099931977Z,2024-04-11T21:10:09.241320478Z,2024-04-11T21:10:08.127365432Z,2024-04-11T21:10:08.229206609Z,0
math,4.7,-1,2024-04-11T22:00:17.955278192Z,2024-04-11T22:00:20.722755876Z,2024-04-11T22:00:22.094493177Z,2024-04-11T22:00:21.067859324Z,2024-04-11T22:00:21.073972275Z,2024-04-11T22:00:22.763124465Z,2024-04-11T22:00:23.676550658Z,2024-04-11T22:00:24.714886593Z,2024-04-11T22:00:23.706308067Z,2024-04-11T22:00:23.706638105Z,0,2024-04-11T22:00:25.526779295Z,2024-04-11T22:00:26.479736777Z,2024-04-11T22:00:27.516909137Z,2024-04-11T22:00:26.509245085Z,2024-04-11T22:00:26.509555758Z,0,2024-04-11T22:00:28.25141966Z,2024-04-11T22:00:29.015058698Z,2024-04-11T22:00:30.051477815Z,2024-04-11T22:00:29.043613008Z,2024-04-11T22:00:29.043982036Z,0,2024-04-11T22:00:30.788464967Z,2024-04-11T22:00:31.656144531Z,2024-04-11T22:00:32.706486533Z,2024-04-11T22:00:31.698879870Z,2024-04-11T22:00:31.699222890Z,0,2024-04-11T22:00:33.645774511Z,2024-04-11T22:00:34.448179238Z,2024-04-11T22:00:35.479763075Z,2024-04-11T22:00:34.471812768Z,2024-04-11T22:00:34.472232258Z,0
matplotlib,19.9,15.9,2024-04-11T21:15:45.516903457Z,2024-04-11T21:15:47.378473797Z,2024-04-11T21:15:49.782242079Z,2024-04-11T21:15:47.528684326Z,2024-04-11T21:15:48.720445461Z,2024-04-11T21:15:50.329036695Z,2024-04-11T21:15:50.930771261Z,2024-04-11T21:15:52.209838495Z,2024-04-11T21:15:50.943852060Z,2024-04-11T21:15:51.160443235Z,0,2024-04-11T21:15:52.736769505Z,2024-04-11T21:15:53.387596815Z,2024-04-11T21:15:54.667216696Z,2024-04-11T21:15:53.399652055Z,2024-04-11T21:15:53.619714229Z,0,2024-04-11T21:15:55.163738165Z,2024-04-11T21:15:55.764448226Z,2024-04-11T21:15:57.043606261Z,2024-04-11T21:15:55.777949137Z,2024-04-11T21:15:55.997810344Z,0,2024-04-11T21:15:57.490767989Z,2024-04-11T21:15:58.010614063Z,2024-04-11T21:15:59.293626304Z,2024-04-11T21:15:58.024015335Z,2024-04-11T21:15:58.246476057Z,0,2024-04-11T21:15:59.812294672Z,2024-04-11T21:16:00.387492481Z,2024-04-11T21:16:01.666598391Z,2024-04-11T21:16:00.399050807Z,2024-04-11T21:16:00.617549668Z,0
mimetypes,1.8,-1,2024-04-11T21:14:01.983537554Z,2024-04-11T21:14:03.665790011Z,2024-04-11T21:14:04.964682065Z,2024-04-11T21:14:03.827268879Z,2024-04-11T21:14:03.952034380Z,2024-04-11T21:14:05.561455316Z,2024-04-11T21:14:06.220744822Z,2024-04-11T21:14:07.342573145Z,2024-04-11T21:14:06.249589015Z,2024-04-11T21:14:06.331651880Z,0,2024-04-11T21:14:07.822609703Z,2024-04-11T21:14:08.314088712Z,2024-04-11T21:14:09.429064158Z,2024-04-11T21:14:08.342022604Z,2024-04-11T21:14:08.419251101Z,0,2024-04-11T21:14:09.878802653Z,2024-04-11T21:14:10.52994783Z,2024-04-11T21:14:11.647819072Z,2024-04-11T21:14:10.560279095Z,2024-04-11T21:14:10.637471295Z,0,2024-04-11T21:14:12.15328805Z,2024-04-11T21:14:12.677640268Z,2024-04-11T21:14:13.794906848Z,2024-04-11T21:14:12.705327335Z,2024-04-11T21:14:12.784060828Z,0,2024-04-11T21:14:14.345418516Z,2024-04-11T21:14:14.958489293Z,2024-04-11T21:14:16.074011876Z,2024-04-11T21:14:14.987083403Z,2024-04-11T21:14:15.065417120Z,0
mlflow,58.9,49,2024-04-11T21:21:49.227244988Z,2024-04-11T21:21:51.307396042Z,2024-04-11T21:22:02.58793671Z,2024-04-11T21:21:51.476169213Z,2024-04-11T21:22:01.310097861Z,2024-04-11T21:22:03.163242268Z,2024-04-11T21:22:03.827055754Z,2024-04-11T21:22:06.099491998Z,2024-04-11T21:22:03.841323342Z,2024-04-11T21:22:04.933953241Z,0,2024-04-11T21:22:06.6974981Z,2024-04-11T21:22:07.280998294Z,2024-04-11T21:22:09.550317978Z,2024-04-11T21:22:07.294471145Z,2024-04-11T21:22:08.389055496Z,0,2024-04-11T21:22:10.140702333Z,2024-04-11T21:22:10.813301693Z,2024-04-11T21:22:13.067627307Z,2024-04-11T21:22:10.828262845Z,2024-04-11T21:22:11.912559505Z,0,2024-04-11T21:22:13.554930147Z,2024-04-11T21:22:14.165650342Z,2024-04-11T21:22:16.432346714Z,2024-04-11T21:22:14.179632384Z,2024-04-11T21:22:15.276684183Z,0,2024-04-11T21:22:16.920580742Z,2024-04-11T21:22:17.516368102Z,2024-04-11T21:22:19.769817826Z,2024-04-11T21:22:17.529863257Z,2024-04-11T21:22:18.613592140Z,0
mplsoccer,37.6,31.5,2024-04-11T21:51:23.398684534Z,2024-04-11T21:51:25.387301611Z,2024-04-11T21:51:33.521147317Z,2024-04-11T21:51:25.586542938Z,2024-04-11T21:51:32.294012190Z,2024-04-11T21:51:34.098370137Z,2024-04-11T21:51:34.739179166Z,2024-04-11T21:51:37.365377285Z,2024-04-11T21:51:34.751862190Z,2024-04-11T21:51:36.181428267Z,0,2024-04-11T21:51:37.988192936Z,2024-04-11T21:51:38.592491585Z,2024-04-11T21:51:41.209001839Z,2024-04-11T21:51:38.602839805Z,2024-04-11T21:51:40.037285597Z,0,2024-04-11T21:51:41.733934157Z,2024-04-11T21:51:42.406631794Z,2024-04-11T21:51:45.064241127Z,2024-04-11T21:51:42.419842725Z,2024-04-11T21:51:43.861819565Z,0,2024-04-11T21:51:45.625486036Z,2024-04-11T21:51:46.217440521Z,2024-04-11T21:51:48.866874794Z,2024-04-11T21:51:46.230517817Z,2024-04-11T21:51:47.680909958Z,0,2024-04-11T21:51:49.453996454Z,2024-04-11T21:51:50.080888358Z,2024-04-11T21:51:52.702585985Z,2024-04-11T21:51:50.093926803Z,2024-04-11T21:51:51.513532891Z,0
multiprocessing,4.5,-1,2024-04-11T21:59:17.77674169Z,2024-04-11T21:59:20.474204592Z,2024-04-11T21:59:22.172350996Z,2024-04-11T21:59:20.934284339Z,2024-04-11T21:59:21.138463518Z,2024-04-11T21:59:22.916411572Z,2024-04-11T21:59:24.08551111Z,2024-04-11T21:59:25.227839471Z,2024-04-11T21:59:24.115067980Z,2024-04-11T21:59:24.215295919Z,0,2024-04-11T21:59:25.950953963Z,2024-04-11T21:59:26.75559228Z,2024-04-11T21:59:27.899189054Z,2024-04-11T21:59:26.785515448Z,2024-04-11T21:59:26.886920664Z,0,2024-04-11T21:59:28.71317339Z,2024-04-11T21:59:29.647406047Z,2024-04-11T21:59:30.787384344Z,2024-04-11T21:59:29.671829982Z,2024-04-11T21:59:29.775080601Z,0,2024-04-11T21:59:31.492039789Z,2024-04-11T21:59:32.247487709Z,2024-04-11T21:59:33.39321162Z,2024-04-11T21:59:32.278544947Z,2024-04-11T21:59:32.381399292Z,0,2024-04-11T21:59:34.232879198Z,2024-04-11T21:59:35.072777504Z,2024-04-11T21:59:36.215388689Z,2024-04-11T21:59:35.102286324Z,2024-04-11T21:59:35.203098637Z,0
networkx,17.2,12.4,2024-04-11T22:01:00.301931746Z,2024-04-11T22:01:02.698384607Z,2024-04-11T22:01:06.108026958Z,2024-04-11T22:01:03.089476136Z,2024-04-11T22:01:05.048869788Z,2024-04-11T22:01:06.907227628Z,2024-04-11T22:01:07.857881403Z,2024-04-11T22:01:09.105711963Z,2024-04-11T22:01:07.872481545Z,2024-04-11T22:01:08.068023537Z,0,2024-04-11T22:01:09.953813361Z,2024-04-11T22:01:10.832948554Z,2024-04-11T22:01:12.073224097Z,2024-04-11T22:01:10.844786678Z,2024-04-11T22:01:11.037387063Z,0,2024-04-11T22:01:13.080844464Z,2024-04-11T22:01:14.196298233Z,2024-04-11T22:01:15.439956723Z,2024-04-11T22:01:14.209693545Z,2024-04-11T22:01:14.403776841Z,0,2024-04-11T22:01:17.330543592Z,2024-04-11T22:01:18.250403836Z,2024-04-11T22:01:19.49797641Z,2024-04-11T22:01:18.263801905Z,2024-04-11T22:01:18.459423428Z,0,2024-04-11T22:01:20.358861752Z,2024-04-11T22:01:21.243846086Z,2024-04-11T22:01:22.485575306Z,2024-04-11T22:01:21.257153585Z,2024-04-11T22:01:21.450138953Z,0
numpy,12.9,9.9,2024-04-11T20:56:59.886056907Z,2024-04-11T20:57:01.825146318Z,2024-04-11T20:57:03.828437302Z,2024-04-11T20:57:01.987655822Z,2024-04-11T20:57:02.791282587Z,2024-04-11T20:57:04.382293619Z,2024-04-11T20:57:05.059322375Z,2024-04-11T20:57:06.245748108Z,2024-04-11T20:57:05.071493991Z,2024-04-11T20:57:05.216566179Z,0,2024-04-11T20:57:06.661662667Z,2024-04-11T20:57:07.270131253Z,2024-04-11T20:57:08.435437928Z,2024-04-11T20:57:07.283180658Z,2024-04-11T20:57:07.407740454Z,0,2024-04-11T20:57:08.927417009Z,2024-04-11T20:57:09.514983652Z,2024-04-11T20:57:10.68228525Z,2024-04-11T20:57:09.529261119Z,2024-04-11T20:57:09.652566709Z,0,2024-04-11T20:57:11.187951597Z,2024-04-11T20:57:11.806648072Z,2024-04-11T20:57:12.984695756Z,2024-04-11T20:57:11.820014349Z,2024-04-11T20:57:11.956182188Z,0,2024-04-11T20:57:13.419432981Z,2024-04-11T20:57:13.957090858Z,2024-04-11T20:57:15.125918574Z,2024-04-11T20:57:13.971262644Z,2024-04-11T20:57:14.096331143Z,0
os,3.5,-1,2024-04-11T20:54:45.549731922Z,2024-04-11T20:54:48.946588902Z,2024-04-11T20:54:50.160896191Z,2024-04-11T20:54:49.148428815Z,2024-04-11T20:54:49.148441477Z,2024-04-11T20:54:50.995767833Z,2024-04-11T20:54:52.947671315Z,2024-04-11T20:54:54.022827616Z,2024-04-11T20:54:53.015095289Z,2024-04-11T20:54:53.015101462Z,0,2024-04-11T20:54:55.034778579Z,2024-04-11T20:54:56.059806067Z,2024-04-11T20:54:57.103903302Z,2024-04-11T20:54:56.096223541Z,2024-04-11T20:54:56.096229984Z,0,2024-04-11T20:54:57.693592101Z,2024-04-11T20:54:58.342103791Z,2024-04-11T20:54:59.379507922Z,2024-04-11T20:54:58.372239460Z,2024-04-11T20:54:58.372245444Z,0,2024-04-11T20:54:59.985239944Z,2024-04-11T20:55:00.909829012Z,2024-04-11T20:55:01.946867188Z,2024-04-11T20:55:00.939806508Z,2024-04-11T20:55:00.939812740Z,0,2024-04-11T20:55:02.5403717Z,2024-04-11T20:55:03.284878043Z,2024-04-11T20:55:04.326417672Z,2024-04-11T20:55:03.318440520Z,2024-04-11T20:55:03.318446424Z,0
osprey,13.6,3.5,2024-04-11T21:20:29.547521279Z,2024-04-11T21:20:31.702694293Z,2024-04-11T21:20:32.898013527Z,2024-04-11T21:20:31.865196548Z,2024-04-11T21:20:31.886542483Z,2024-04-11T21:20:33.440896505Z,2024-04-11T21:20:33.988091847Z,2024-04-11T21:20:35.00910858Z,2024-04-11T21:20:34.000992464Z,2024-04-11T21:20:34.001775842Z,0,2024-04-11T21:20:35.52976276Z,2024-04-11T21:20:36.137405532Z,2024-04-11T21:20:37.158976726Z,2024-04-11T21:20:36.151214766Z,2024-04-11T21:20:36.152181941Z,0,2024-04-11T21:20:37.630858294Z,2024-04-11T21:20:38.155660557Z,2024-04-11T21:20:39.176628793Z,2024-04-11T21:20:38.169131065Z,2024-04-11T21:20:38.169978952Z,0,2024-04-11T21:20:39.636675889Z,2024-04-11T21:20:40.212481132Z,2024-04-11T21:20:41.235141921Z,2024-04-11T21:20:40.226665250Z,2024-04-11T21:20:40.227522899Z,0,2024-04-11T21:20:41.750984064Z,2024-04-11T21:20:42.286462004Z,2024-04-11T21:20:43.308990955Z,2024-04-11T21:20:42.300668584Z,2024-04-11T21:20:42.301525157Z,0
pandas,22.5,17.9,2024-04-11T20:57:42.903837456Z,2024-04-11T20:57:44.924052754Z,2024-04-11T20:57:48.236198242Z,2024-04-11T20:57:45.084905487Z,2024-04-11T20:57:47.145624919Z,2024-04-11T20:57:48.78242166Z,2024-04-11T20:57:49.337622962Z,2024-04-11T20:57:50.800434988Z,2024-04-11T20:57:49.350190481Z,2024-04-11T20:57:49.729045286Z,0,2024-04-11T20:57:51.332830784Z,2024-04-11T20:57:52.064368164Z,2024-04-11T20:57:53.528945435Z,2024-04-11T20:57:52.078266204Z,2024-04-11T20:57:52.460518447Z,0,2024-04-11T20:57:53.99694539Z,2024-04-11T20:57:54.562414885Z,2024-04-11T20:57:56.012123175Z,2024-04-11T20:57:54.576326209Z,2024-04-11T20:57:54.950083730Z,0,2024-04-11T20:57:56.608453026Z,2024-04-11T20:57:57.211298588Z,2024-04-11T20:57:58.668536079Z,2024-04-11T20:57:57.225544483Z,2024-04-11T20:57:57.602343900Z,0,2024-04-11T20:57:59.154011366Z,2024-04-11T20:57:59.74997284Z,2024-04-11T20:58:01.194607139Z,2024-04-11T20:57:59.763800157Z,2024-04-11T20:58:00.128237810Z,0
parsl,14.6,11.7,2024-04-11T21:29:03.206264712Z,2024-04-11T21:29:04.933143636Z,2024-04-11T21:29:08.431261912Z,2024-04-11T21:29:05.085985292Z,2024-04-11T21:29:07.353831850Z,2024-04-11T21:29:09.019291702Z,2024-04-11T21:29:09.56838789Z,2024-04-11T21:29:11.307824091Z,2024-04-11T21:29:09.581455151Z,2024-04-11T21:29:10.237073448Z,0,2024-04-11T21:29:11.918141138Z,2024-04-11T21:29:12.505099091Z,2024-04-11T21:29:14.247635218Z,2024-04-11T21:29:12.518732053Z,2024-04-11T21:29:13.179168114Z,0,2024-04-11T21:29:14.740909399Z,2024-04-11T21:29:15.316292876Z,2024-04-11T21:29:17.069841995Z,2024-04-11T21:29:15.330444894Z,2024-04-11T21:29:16.003801365Z,0,2024-04-11T21:29:17.584615907Z,2024-04-11T21:29:18.167924515Z,2024-04-11T21:29:19.929067187Z,2024-04-11T21:29:18.180577488Z,2024-04-11T21:29:18.859496176Z,0,2024-04-11T21:29:20.467061223Z,2024-04-11T21:29:21.024516488Z,2024-04-11T21:29:22.766917826Z,2024-04-11T21:29:21.050049168Z,2024-04-11T21:29:21.694553712Z,0
pathlib,9,6.5,2024-04-11T21:07:31.419802127Z,2024-04-11T21:07:33.339890247Z,2024-04-11T21:07:34.560751109Z,2024-04-11T21:07:33.490778343Z,2024-04-11T21:07:33.549200572Z,2024-04-11T21:07:35.060106835Z,2024-04-11T21:07:35.635696862Z,2024-04-11T21:07:36.673170307Z,2024-04-11T21:07:35.648895879Z,2024-04-11T21:07:35.662873472Z,0,2024-04-11T21:07:37.249739826Z,2024-04-11T21:07:37.769172245Z,2024-04-11T21:07:38.806634789Z,2024-04-11T21:07:37.783667893Z,2024-04-11T21:07:37.798017637Z,0,2024-04-11T21:07:39.281279304Z,2024-04-11T21:07:39.837387627Z,2024-04-11T21:07:40.874164257Z,2024-04-11T21:07:39.850885919Z,2024-04-11T21:07:39.865306965Z,0,2024-04-11T21:07:41.296909172Z,2024-04-11T21:07:41.877238864Z,2024-04-11T21:07:42.914897442Z,2024-04-11T21:07:41.890501306Z,2024-04-11T21:07:41.904656727Z,0,2024-04-11T21:07:43.4414913Z,2024-04-11T21:07:44.075698245Z,2024-04-11T21:07:45.113245854Z,2024-04-11T21:07:44.089029425Z,2024-04-11T21:07:44.103315617Z,0
pdb,1.9,-1,2024-04-11T21:53:52.569170142Z,2024-04-11T21:53:54.246494672Z,2024-04-11T21:53:55.713190441Z,2024-04-11T21:53:54.415983099Z,2024-04-11T21:53:54.690559632Z,2024-04-11T21:53:56.375314312Z,2024-04-11T21:53:57.074330765Z,2024-04-11T21:53:58.305239086Z,2024-04-11T21:53:57.105089183Z,2024-04-11T21:53:57.291100779Z,0,2024-04-11T21:53:58.83819937Z,2024-04-11T21:53:59.440421803Z,2024-04-11T21:54:00.666584716Z,2024-04-11T21:53:59.470665098Z,2024-04-11T21:53:59.651389221Z,0,2024-04-11T21:54:01.239558603Z,2024-04-11T21:54:01.795839611Z,2024-04-11T21:54:03.021898876Z,2024-04-11T21:54:01.824181724Z,2024-04-11T21:54:02.007067348Z,0,2024-04-11T21:54:03.600200335Z,2024-04-11T21:54:04.248936018Z,2024-04-11T21:54:05.483415953Z,2024-04-11T21:54:04.278141746Z,2024-04-11T21:54:04.469141839Z,0,2024-04-11T21:54:06.108811779Z,2024-04-11T21:54:06.691999785Z,2024-04-11T21:54:07.916293811Z,2024-04-11T21:54:06.717329540Z,2024-04-11T21:54:06.901031527Z,0
pickle,2.7,-1,2024-04-11T21:50:25.70997265Z,2024-04-11T21:50:27.883227119Z,2024-04-11T21:50:29.266714459Z,2024-04-11T21:50:28.097930396Z,2024-04-11T21:50:28.251712607Z,2024-04-11T21:50:29.920172049Z,2024-04-11T21:50:30.584118295Z,2024-04-11T21:50:31.692772441Z,2024-04-11T21:50:30.612199302Z,2024-04-11T21:50:30.682860345Z,0,2024-04-11T21:50:32.144778501Z,2024-04-11T21:50:32.7786481Z,2024-04-11T21:50:33.888219611Z,2024-04-11T21:50:32.805470208Z,2024-04-11T21:50:32.878128313Z,0,2024-04-11T21:50:34.444235109Z,2024-04-11T21:50:35.043944436Z,2024-04-11T21:50:36.158739096Z,2024-04-11T21:50:35.072347977Z,2024-04-11T21:50:35.148763974Z,0,2024-04-11T21:50:36.685050503Z,2024-04-11T21:50:37.237246547Z,2024-04-11T21:50:38.347261048Z,2024-04-11T21:50:37.264562780Z,2024-04-11T21:50:37.337583060Z,0,2024-04-11T21:50:38.895608434Z,2024-04-11T21:50:39.585849274Z,2024-04-11T21:50:40.693213886Z,2024-04-11T21:50:39.613524973Z,2024-04-11T21:50:39.683386536Z,0
PIL,9.4,6.2,2024-04-11T21:16:16.520999642Z,2024-04-11T21:16:18.437336967Z,2024-04-11T21:16:19.607084311Z,2024-04-11T21:16:18.585606390Z,2024-04-11T21:16:18.595261385Z,2024-04-11T21:16:20.060796292Z,2024-04-11T21:16:20.624182322Z,2024-04-11T21:16:21.646608313Z,2024-04-11T21:16:20.637956829Z,2024-04-11T21:16:20.639189100Z,0,2024-04-11T21:16:22.164148383Z,2024-04-11T21:16:22.706777384Z,2024-04-11T21:16:23.728685301Z,2024-04-11T21:16:22.720526560Z,2024-04-11T21:16:22.721680263Z,0,2024-04-11T21:16:24.263512684Z,2024-04-11T21:16:24.81764111Z,2024-04-11T21:16:25.840421291Z,2024-04-11T21:16:24.831485443Z,2024-04-11T21:16:24.832853803Z,0,2024-04-11T21:16:26.324363728Z,2024-04-11T21:16:26.868508388Z,2024-04-11T21:16:27.890352859Z,2024-04-11T21:16:26.881573711Z,2024-04-11T21:16:26.882762408Z,0,2024-04-11T21:16:28.336116816Z,2024-04-11T21:16:28.937836885Z,2024-04-11T21:16:29.958465577Z,2024-04-11T21:16:28.950782640Z,2024-04-11T21:16:28.951851101Z,0
platform,1.9,-1,2024-04-11T21:11:08.740918544Z,2024-04-11T21:11:10.467504309Z,2024-04-11T21:11:11.724415551Z,2024-04-11T21:11:10.623924826Z,2024-04-11T21:11:10.710545746Z,2024-04-11T21:11:12.232888079Z,2024-04-11T21:11:12.790646119Z,2024-04-11T21:11:13.89008099Z,2024-04-11T21:11:12.816691805Z,2024-04-11T21:11:12.880484039Z,0,2024-04-11T21:11:14.408061942Z,2024-04-11T21:11:14.958411025Z,2024-04-11T21:11:16.058134009Z,2024-04-11T21:11:14.985796838Z,2024-04-11T21:11:15.048895015Z,0,2024-04-11T21:11:16.531020889Z,2024-04-11T21:11:17.085433734Z,2024-04-11T21:11:18.188382184Z,2024-04-11T21:11:17.113588293Z,2024-04-11T21:11:17.178708748Z,0,2024-04-11T21:11:18.743935774Z,2024-04-11T21:11:19.262926972Z,2024-04-11T21:11:20.363289051Z,2024-04-11T21:11:19.287819454Z,2024-04-11T21:11:19.354191365Z,0,2024-04-11T21:11:20.911319802Z,2024-04-11T21:11:21.405270176Z,2024-04-11T21:11:22.507975297Z,2024-04-11T21:11:21.434805827Z,2024-04-11T21:11:21.498973711Z,0
proxystore,12.9,9.7,2024-04-11T21:22:47.56108808Z,2024-04-11T21:22:49.718494382Z,2024-04-11T21:22:51.20715605Z,2024-04-11T21:22:49.885112576Z,2024-04-11T21:22:50.190535116Z,2024-04-11T21:22:51.638802233Z,2024-04-11T21:22:52.223534076Z,2024-04-11T21:22:53.30878925Z,2024-04-11T21:22:52.236999703Z,2024-04-11T21:22:52.293005380Z,0,2024-04-11T21:22:53.802723061Z,2024-04-11T21:22:54.385996362Z,2024-04-11T21:22:55.469856468Z,2024-04-11T21:22:54.399476042Z,2024-04-11T21:22:54.453544733Z,0,2024-04-11T21:22:55.928656259Z,2024-04-11T21:22:56.514603538Z,2024-04-11T21:22:57.59917817Z,2024-04-11T21:22:56.527840240Z,2024-04-11T21:22:56.582926179Z,0,2024-04-11T21:22:58.056884152Z,2024-04-11T21:22:58.605690978Z,2024-04-11T21:22:59.691855647Z,2024-04-11T21:22:58.620354057Z,2024-04-11T21:22:58.676079484Z,0,2024-04-11T21:23:00.151435897Z,2024-04-11T21:23:00.734280807Z,2024-04-11T21:23:01.835442687Z,2024-04-11T21:23:00.759496490Z,2024-04-11T21:23:00.818673740Z,0
psij,9.5,6.7,2024-04-11T21:37:19.476817361Z,2024-04-11T21:37:21.289745278Z,2024-04-11T21:37:23.296675171Z,2024-04-11T21:37:21.450665267Z,2024-04-11T21:37:22.258748638Z,2024-04-11T21:37:23.936566615Z,2024-04-11T21:37:24.511546341Z,2024-04-11T21:37:25.754008785Z,2024-04-11T21:37:24.525426513Z,2024-04-11T21:37:24.720966130Z,0,2024-04-11T21:37:26.214401019Z,2024-04-11T21:37:26.763053306Z,2024-04-11T21:37:27.9947641Z,2024-04-11T21:37:26.777094108Z,2024-04-11T21:37:26.960914105Z,0,2024-04-11T21:37:28.492412012Z,2024-04-11T21:37:29.192916846Z,2024-04-11T21:37:30.424537753Z,2024-04-11T21:37:29.207135783Z,2024-04-11T21:37:29.391706029Z,0,2024-04-11T21:37:30.920628567Z,2024-04-11T21:37:31.499000669Z,2024-04-11T21:37:32.729727471Z,2024-04-11T21:37:31.512520529Z,2024-04-11T21:37:31.694530030Z,0,2024-04-11T21:37:33.215942011Z,2024-04-11T21:37:33.891389647Z,2024-04-11T21:37:35.124790188Z,2024-04-11T21:37:33.905509034Z,2024-04-11T21:37:34.090939295Z,0
psutil,7.8,5.5,2024-04-11T21:11:55.191760437Z,2024-04-11T21:11:56.954516172Z,2024-04-11T21:11:58.315695221Z,2024-04-11T21:11:57.104188612Z,2024-04-11T21:11:57.298596002Z,2024-04-11T21:11:58.80600576Z,2024-04-11T21:11:59.406081002Z,2024-04-11T21:12:00.468128995Z,2024-04-11T21:11:59.418826445Z,2024-04-11T21:11:59.454436253Z,0,2024-04-11T21:12:00.905387978Z,2024-04-11T21:12:01.473396288Z,2024-04-11T21:12:02.535997185Z,2024-04-11T21:12:01.487178454Z,2024-04-11T21:12:01.523494013Z,0,2024-04-11T21:12:02.959765376Z,2024-04-11T21:12:03.53026839Z,2024-04-11T21:12:04.593102897Z,2024-04-11T21:12:03.543706279Z,2024-04-11T21:12:03.579049823Z,0,2024-04-11T21:12:05.080414895Z,2024-04-11T21:12:05.673779345Z,2024-04-11T21:12:06.736917054Z,2024-04-11T21:12:05.687316662Z,2024-04-11T21:12:05.724181462Z,0,2024-04-11T21:12:07.199360653Z,2024-04-11T21:12:07.728989278Z,2024-04-11T21:12:08.793810539Z,2024-04-11T21:12:07.742419181Z,2024-04-11T21:12:07.780254768Z,0
puremagic,7.5,5.1,2024-04-11T21:14:28.114460174Z,2024-04-11T21:14:29.950239997Z,2024-04-11T21:14:31.191356667Z,2024-04-11T21:14:30.095608493Z,2024-04-11T21:14:30.176353675Z,2024-04-11T21:14:31.714141459Z,2024-04-11T21:14:32.311436623Z,2024-04-11T21:14:33.356954955Z,2024-04-11T21:14:32.324771278Z,2024-04-11T21:14:32.346228863Z,0,2024-04-11T21:14:33.8656105Z,2024-04-11T21:14:34.427685503Z,2024-04-11T21:14:35.471269908Z,2024-04-11T21:14:34.440618973Z,2024-04-11T21:14:34.461322629Z,0,2024-04-11T21:14:35.930041868Z,2024-04-11T21:14:36.460471244Z,2024-04-11T21:14:37.505762098Z,2024-04-11T21:14:36.473985030Z,2024-04-11T21:14:36.495199602Z,0,2024-04-11T21:14:37.975923331Z,2024-04-11T21:14:38.570515579Z,2024-04-11T21:14:39.614476044Z,2024-04-11T21:14:38.582928913Z,2024-04-11T21:14:38.604288548Z,0,2024-04-11T21:14:40.135806217Z,2024-04-11T21:14:40.71287204Z,2024-04-11T21:14:41.760115212Z,2024-04-11T21:14:40.732887523Z,2024-04-11T21:14:40.750329319Z,0
pyhf,22.5,18,2024-04-11T21:40:41.737246955Z,2024-04-11T21:40:43.644666293Z,2024-04-11T21:40:48.067313667Z,2024-04-11T21:40:43.808032755Z,2024-04-11T21:40:46.947873750Z,2024-04-11T21:40:48.606338183Z,2024-04-11T21:40:49.180147287Z,2024-04-11T21:40:50.924593606Z,2024-04-11T21:40:49.194411500Z,2024-04-11T21:40:49.834566543Z,0,2024-04-11T21:40:51.418732644Z,2024-04-11T21:40:52.017783909Z,2024-04-11T21:40:53.762792571Z,2024-04-11T21:40:52.031597633Z,2024-04-11T21:40:52.672364524Z,0,2024-04-11T21:40:54.217451698Z,2024-04-11T21:40:54.805192162Z,2024-04-11T21:40:56.542089884Z,2024-04-11T21:40:54.817220909Z,2024-04-11T21:40:55.451666406Z,0,2024-04-11T21:40:56.971057651Z,2024-04-11T21:40:57.498134363Z,2024-04-11T21:40:59.236745371Z,2024-04-11T21:40:57.511535356Z,2024-04-11T21:40:58.141329753Z,0,2024-04-11T21:40:59.724194502Z,2024-04-11T21:41:00.273288295Z,2024-04-11T21:41:02.019640287Z,2024-04-11T21:41:00.286719368Z,2024-04-11T21:41:00.926121419Z,0
pynvml,7.8,5.2,2024-04-11T21:12:21.22187061Z,2024-04-11T21:12:23.016469447Z,2024-04-11T21:12:24.384326597Z,2024-04-11T21:12:23.167214632Z,2024-04-11T21:12:23.369795245Z,2024-04-11T21:12:24.911769609Z,2024-04-11T21:12:25.551977027Z,2024-04-11T21:12:26.624436948Z,2024-04-11T21:12:25.564711013Z,2024-04-11T21:12:25.609139157Z,0,2024-04-11T21:12:27.219459805Z,2024-04-11T21:12:27.801833909Z,2024-04-11T21:12:28.876782352Z,2024-04-11T21:12:27.815154851Z,2024-04-11T21:12:27.861670428Z,0,2024-04-11T21:12:29.475194761Z,2024-04-11T21:12:30.064400585Z,2024-04-11T21:12:31.136230832Z,2024-04-11T21:12:30.078542767Z,2024-04-11T21:12:30.120678341Z,0,2024-04-11T21:12:31.650263256Z,2024-04-11T21:12:32.253240728Z,2024-04-11T21:12:33.325197841Z,2024-04-11T21:12:32.266825190Z,2024-04-11T21:12:32.311040748Z,0,2024-04-11T21:12:33.791935576Z,2024-04-11T21:12:34.388240232Z,2024-04-11T21:12:35.460891591Z,2024-04-11T21:12:34.400861767Z,2024-04-11T21:12:34.445811293Z,0
python_tsp,16.5,13.1,2024-04-11T21:40:00.476309872Z,2024-04-11T21:40:02.32863144Z,2024-04-11T21:40:03.52077394Z,2024-04-11T21:40:02.491328185Z,2024-04-11T21:40:02.508184448Z,2024-04-11T21:40:04.065064513Z,2024-04-11T21:40:04.633811343Z,2024-04-11T21:40:05.653973011Z,2024-04-11T21:40:04.647448967Z,2024-04-11T21:40:04.647843183Z,0,2024-04-11T21:40:06.164790875Z,2024-04-11T21:40:06.736581824Z,2024-04-11T21:40:07.756637151Z,2024-04-11T21:40:06.749964031Z,2024-04-11T21:40:06.750293140Z,0,2024-04-11T21:40:08.20793866Z,2024-04-11T21:40:08.763929788Z,2024-04-11T21:40:09.783495991Z,2024-04-11T21:40:08.775862462Z,2024-04-11T21:40:08.776236617Z,0,2024-04-11T21:40:10.294625972Z,2024-04-11T21:40:10.865997837Z,2024-04-11T21:40:11.886873977Z,2024-04-11T21:40:10.879888622Z,2024-04-11T21:40:10.880300561Z,0,2024-04-11T21:40:12.327406143Z,2024-04-11T21:40:12.888985137Z,2024-04-11T21:40:13.910433191Z,2024-04-11T21:40:12.902291186Z,2024-04-11T21:40:12.902643689Z,0
quickstats,28.9,24,2024-04-11T21:54:41.457971788Z,2024-04-11T21:54:43.300034073Z,2024-04-11T21:54:43.645587741Z,2024-04-11T21:54:43.462527870Z,2024-04-11T21:54:43.627581055Z,2024-04-11T21:54:44.199804821Z,2024-04-11T21:54:44.770975207Z,2024-04-11T21:54:44.838847868Z,2024-04-11T21:54:44.783819671Z,2024-04-11T21:54:44.829547675Z,0,2024-04-11T21:54:45.337003023Z,2024-04-11T21:54:45.957553328Z,2024-04-11T21:54:46.029395597Z,2024-04-11T21:54:45.971804902Z,2024-04-11T21:54:46.019530290Z,0,2024-04-11T21:54:46.527731017Z,2024-04-11T21:54:47.116645549Z,2024-04-11T21:54:47.184813767Z,2024-04-11T21:54:47.130415034Z,2024-04-11T21:54:47.175484691Z,0,2024-04-11T21:54:47.634612436Z,2024-04-11T21:54:48.227737648Z,2024-04-11T21:54:48.295019636Z,2024-04-11T21:54:48.239502396Z,2024-04-11T21:54:48.285646294Z,0,2024-04-11T21:54:48.753827331Z,2024-04-11T21:54:49.289616162Z,2024-04-11T21:54:49.362214788Z,2024-04-11T21:54:49.303305475Z,2024-04-11T21:54:49.352987559Z,0
random,2,-1,2024-04-11T20:58:08.77966494Z,2024-04-11T20:58:10.868086208Z,2024-04-11T20:58:12.079190879Z,2024-04-11T20:58:11.038776048Z,2024-04-11T20:58:11.071209492Z,2024-04-11T20:58:12.620425158Z,2024-04-11T20:58:13.242869263Z,2024-04-11T20:58:14.290049076Z,2024-04-11T20:58:13.272193519Z,2024-04-11T20:58:13.282202149Z,0,2024-04-11T20:58:14.766088527Z,2024-04-11T20:58:15.302227105Z,2024-04-11T20:58:16.348515445Z,2024-04-11T20:58:15.330236576Z,2024-04-11T20:58:15.340330387Z,0,2024-04-11T20:58:16.786815861Z,2024-04-11T20:58:17.368887313Z,2024-04-11T20:58:18.417702463Z,2024-04-11T20:58:17.397633811Z,2024-04-11T20:58:17.408748241Z,0,2024-04-11T20:58:18.933327153Z,2024-04-11T20:58:19.569926263Z,2024-04-11T20:58:20.617505768Z,2024-04-11T20:58:19.598910118Z,2024-04-11T20:58:19.609259109Z,0,2024-04-11T20:58:21.189105829Z,2024-04-11T20:58:21.818386402Z,2024-04-11T20:58:22.864470015Z,2024-04-11T20:58:21.847220153Z,2024-04-11T20:58:21.857001947Z,0
re,2,-1,2024-04-11T21:09:34.32423671Z,2024-04-11T21:09:36.310217813Z,2024-04-11T21:09:37.598056922Z,2024-04-11T21:09:36.492779827Z,2024-04-11T21:09:36.583985468Z,2024-04-11T21:09:38.163504185Z,2024-04-11T21:09:38.736678186Z,2024-04-11T21:09:39.83724297Z,2024-04-11T21:09:38.769918611Z,2024-04-11T21:09:38.827088960Z,0,2024-04-11T21:09:40.314506034Z,2024-04-11T21:09:40.956020452Z,2024-04-11T21:09:42.051162873Z,2024-04-11T21:09:40.984488206Z,2024-04-11T21:09:41.041738388Z,0,2024-04-11T21:09:42.592965965Z,2024-04-11T21:09:43.148972272Z,2024-04-11T21:09:44.244488802Z,2024-04-11T21:09:43.176698240Z,2024-04-11T21:09:43.235482153Z,0,2024-04-11T21:09:44.729379883Z,2024-04-11T21:09:45.293463814Z,2024-04-11T21:09:46.389027446Z,2024-04-11T21:09:45.322073295Z,2024-04-11T21:09:45.379054215Z,0,2024-04-11T21:09:46.889601542Z,2024-04-11T21:09:47.434331389Z,2024-04-11T21:09:48.530029755Z,2024-04-11T21:09:47.464034938Z,2024-04-11T21:09:47.521251795Z,0
requests,8.4,6,2024-04-11T21:32:50.672115783Z,2024-04-11T21:32:52.462181885Z,2024-04-11T21:32:54.25606593Z,2024-04-11T21:32:52.614217091Z,2024-04-11T21:32:53.223988903Z,2024-04-11T21:32:54.868010257Z,2024-04-11T21:32:55.478194704Z,2024-04-11T21:32:56.632427073Z,2024-04-11T21:32:55.491733162Z,2024-04-11T21:32:55.605736084Z,0,2024-04-11T21:32:57.105118967Z,2024-04-11T21:32:57.628693033Z,2024-04-11T21:32:58.781742865Z,2024-04-11T21:32:57.641105193Z,2024-04-11T21:32:57.754088137Z,0,2024-04-11T21:32:59.248474257Z,2024-04-11T21:32:59.829913089Z,2024-04-11T21:33:00.983639122Z,2024-04-11T21:32:59.843223268Z,2024-04-11T21:32:59.956999039Z,0,2024-04-11T21:33:01.404421501Z,2024-04-11T21:33:01.966348297Z,2024-04-11T21:33:03.12012239Z,2024-04-11T21:33:01.978703266Z,2024-04-11T21:33:02.094398119Z,0,2024-04-11T21:33:03.593708256Z,2024-04-11T21:33:04.207253896Z,2024-04-11T21:33:05.356183691Z,2024-04-11T21:33:04.219218005Z,2024-04-11T21:33:04.331855830Z,0
scipy,22.9,17.9,2024-04-11T21:19:54.958054071Z,2024-04-11T21:19:57.056741393Z,2024-04-11T21:19:59.05369712Z,2024-04-11T21:19:57.209472067Z,2024-04-11T21:19:58.010587907Z,2024-04-11T21:19:59.585940777Z,2024-04-11T21:20:00.158089747Z,2024-04-11T21:20:01.336612735Z,2024-04-11T21:20:00.171619517Z,2024-04-11T21:20:00.305201986Z,0,2024-04-11T21:20:01.79541957Z,2024-04-11T21:20:02.395308541Z,2024-04-11T21:20:03.569043324Z,2024-04-11T21:20:02.409079452Z,2024-04-11T21:20:02.541813496Z,0,2024-04-11T21:20:04.02760043Z,2024-04-11T21:20:04.696681431Z,2024-04-11T21:20:05.874129858Z,2024-04-11T21:20:04.709928620Z,2024-04-11T21:20:04.842814888Z,0,2024-04-11T21:20:06.348535511Z,2024-04-11T21:20:06.997451615Z,2024-04-11T21:20:08.174680186Z,2024-04-11T21:20:07.013186683Z,2024-04-11T21:20:07.145876571Z,0,2024-04-11T21:20:08.652907407Z,2024-04-11T21:20:09.270617254Z,2024-04-11T21:20:10.4431376Z,2024-04-11T21:20:09.284160428Z,2024-04-11T21:20:09.415993929Z,0
secrets,2.1,-1,2024-04-11T21:39:24.863691987Z,2024-04-11T21:39:26.849951992Z,2024-04-11T21:39:28.364496972Z,2024-04-11T21:39:27.018968454Z,2024-04-11T21:39:27.340277987Z,2024-04-11T21:39:28.877566984Z,2024-04-11T21:39:29.474406769Z,2024-04-11T21:39:30.592493944Z,2024-04-11T21:39:29.502432542Z,2024-04-11T21:39:29.581436437Z,0,2024-04-11T21:39:31.091949521Z,2024-04-11T21:39:31.65254352Z,2024-04-11T21:39:32.769226653Z,2024-04-11T21:39:31.679844983Z,2024-04-11T21:39:31.758985591Z,0,2024-04-11T21:39:33.34641532Z,2024-04-11T21:39:33.893573473Z,2024-04-11T21:39:35.008925579Z,2024-04-11T21:39:33.922869042Z,2024-04-11T21:39:33.997433231Z,0,2024-04-11T21:39:35.492452192Z,2024-04-11T21:39:36.002818994Z,2024-04-11T21:39:37.118952195Z,2024-04-11T21:39:36.030779258Z,2024-04-11T21:39:36.108119821Z,0,2024-04-11T21:39:37.596201475Z,2024-04-11T21:39:38.192766389Z,2024-04-11T21:39:39.305093213Z,2024-04-11T21:39:38.220578391Z,2024-04-11T21:39:38.294790070Z,0
setproctitle,8.2,5.6,2024-04-11T21:27:36.276242418Z,2024-04-11T21:27:38.296882723Z,2024-04-11T21:27:39.547983245Z,2024-04-11T21:27:38.450438783Z,2024-04-11T21:27:38.532037463Z,2024-04-11T21:27:40.095733127Z,2024-04-11T21:27:40.718365016Z,2024-04-11T21:27:41.761911322Z,2024-04-11T21:27:40.731432640Z,2024-04-11T21:27:40.751101861Z,0,2024-04-11T21:27:42.275954248Z,2024-04-11T21:27:42.819833491Z,2024-04-11T21:27:43.862974137Z,2024-04-11T21:27:42.831472584Z,2024-04-11T21:27:42.851325205Z,0,2024-04-11T21:27:44.372193659Z,2024-04-11T21:27:44.92589644Z,2024-04-11T21:27:45.969827327Z,2024-04-11T21:27:44.939240809Z,2024-04-11T21:27:44.958927198Z,0,2024-04-11T21:27:46.429324768Z,2024-04-11T21:27:46.958739964Z,2024-04-11T21:27:48.004658538Z,2024-04-11T21:27:46.971695812Z,2024-04-11T21:27:46.994019705Z,0,2024-04-11T21:27:48.475976779Z,2024-04-11T21:27:49.048540573Z,2024-04-11T21:27:50.094140252Z,2024-04-11T21:27:49.062420720Z,2024-04-11T21:27:49.081875627Z,0
shlex,2.2,-1,2024-04-11T21:31:20.566024633Z,2024-04-11T21:31:22.461294271Z,2024-04-11T21:31:23.74071542Z,2024-04-11T21:31:22.633275544Z,2024-04-11T21:31:22.726608514Z,2024-04-11T21:31:24.306261727Z,2024-04-11T21:31:24.88635993Z,2024-04-11T21:31:25.986719091Z,2024-04-11T21:31:24.914819704Z,2024-04-11T21:31:24.977402339Z,0,2024-04-11T21:31:26.544067967Z,2024-04-11T21:31:27.178100813Z,2024-04-11T21:31:28.284392098Z,2024-04-11T21:31:27.207522813Z,2024-04-11T21:31:27.275504918Z,0,2024-04-11T21:31:28.818186338Z,2024-04-11T21:31:29.423956308Z,2024-04-11T21:31:30.521091797Z,2024-04-11T21:31:29.452023031Z,2024-04-11T21:31:29.512059374Z,0,2024-04-11T21:31:31.021124052Z,2024-04-11T21:31:31.565371193Z,2024-04-11T21:31:32.662507718Z,2024-04-11T21:31:31.594885942Z,2024-04-11T21:31:31.653243756Z,0,2024-04-11T21:31:33.185783207Z,2024-04-11T21:31:33.779878874Z,2024-04-11T21:31:34.877992759Z,2024-04-11T21:31:33.806734721Z,2024-04-11T21:31:33.867220604Z,0
shutil,2.6,-1,2024-04-11T21:11:29.074742425Z,2024-04-11T21:11:30.747242368Z,2024-04-11T21:11:32.056118463Z,2024-04-11T21:11:30.900522563Z,2024-04-11T21:11:31.041769213Z,2024-04-11T21:11:32.548092862Z,2024-04-11T21:11:33.155315147Z,2024-04-11T21:11:34.267711295Z,2024-04-11T21:11:33.184076931Z,2024-04-11T21:11:33.258257482Z,0,2024-04-11T21:11:34.759622116Z,2024-04-11T21:11:35.311140592Z,2024-04-11T21:11:36.424943046Z,2024-04-11T21:11:35.340306961Z,2024-04-11T21:11:35.415127151Z,0,2024-04-11T21:11:36.87330565Z,2024-04-11T21:11:37.489048513Z,2024-04-11T21:11:38.599268608Z,2024-04-11T21:11:37.517872488Z,2024-04-11T21:11:37.589927078Z,0,2024-04-11T21:11:39.140935714Z,2024-04-11T21:11:39.747927638Z,2024-04-11T21:11:40.860036516Z,2024-04-11T21:11:39.777122992Z,2024-04-11T21:11:39.849952666Z,0,2024-04-11T21:11:41.303335628Z,2024-04-11T21:11:41.836273188Z,2024-04-11T21:11:42.946572855Z,2024-04-11T21:11:41.865585807Z,2024-04-11T21:11:41.937875732Z,0
sklearn,25.8,20.5,2024-04-11T20:58:53.238965003Z,2024-04-11T20:58:55.200370331Z,2024-04-11T20:58:59.472555951Z,2024-04-11T20:58:55.360199190Z,2024-04-11T20:58:58.361300595Z,2024-04-11T20:59:00.019518513Z,2024-04-11T20:59:00.548581029Z,2024-04-11T20:59:02.265584282Z,2024-04-11T20:59:00.562225047Z,2024-04-11T20:59:01.179423386Z,0,2024-04-11T20:59:02.827215211Z,2024-04-11T20:59:03.431934766Z,2024-04-11T20:59:05.128824582Z,2024-04-11T20:59:03.444414436Z,2024-04-11T20:59:04.056662863Z,0,2024-04-11T20:59:05.677158666Z,2024-04-11T20:59:06.241185299Z,2024-04-11T20:59:07.965824517Z,2024-04-11T20:59:06.254765463Z,2024-04-11T20:59:06.878487629Z,0,2024-04-11T20:59:08.465474324Z,2024-04-11T20:59:09.049649327Z,2024-04-11T20:59:10.754362727Z,2024-04-11T20:59:09.062164295Z,2024-04-11T20:59:09.667749934Z,0,2024-04-11T20:59:11.243319918Z,2024-04-11T20:59:11.822026551Z,2024-04-11T20:59:13.5175941Z,2024-04-11T20:59:11.844341831Z,2024-04-11T20:59:12.434234254Z,0
socket,2,-1,2024-04-11T21:16:56.523652302Z,2024-04-11T21:16:58.199167921Z,2024-04-11T21:16:59.457645855Z,2024-04-11T21:16:58.356492176Z,2024-04-11T21:16:58.440988756Z,2024-04-11T21:17:00.000851077Z,2024-04-11T21:17:00.532553825Z,2024-04-11T21:17:01.623980014Z,2024-04-11T21:17:00.562658745Z,2024-04-11T21:17:00.614154631Z,0,2024-04-11T21:17:02.232148684Z,2024-04-11T21:17:02.869135753Z,2024-04-11T21:17:03.959169514Z,2024-04-11T21:17:02.897502427Z,2024-04-11T21:17:02.949523016Z,0,2024-04-11T21:17:04.446112037Z,2024-04-11T21:17:05.127304172Z,2024-04-11T21:17:06.22953029Z,2024-04-11T21:17:05.167004103Z,2024-04-11T21:17:05.218162741Z,0,2024-04-11T21:17:06.757652342Z,2024-04-11T21:17:07.437381859Z,2024-04-11T21:17:08.525993284Z,2024-04-11T21:17:07.465457635Z,2024-04-11T21:17:07.516727927Z,0,2024-04-11T21:17:09.068257998Z,2024-04-11T21:17:09.611642264Z,2024-04-11T21:17:10.702714899Z,2024-04-11T21:17:09.640708251Z,2024-04-11T21:17:09.693185925Z,0
statsmodels,33.5,26.9,2024-04-11T21:30:50.659725882Z,2024-04-11T21:30:52.687490452Z,2024-04-11T21:30:56.766746131Z,2024-04-11T21:30:52.846232951Z,2024-04-11T21:30:55.657173452Z,2024-04-11T21:30:57.350282481Z,2024-04-11T21:30:57.919858216Z,2024-04-11T21:30:59.519717176Z,2024-04-11T21:30:57.931443810Z,2024-04-11T21:30:58.434609926Z,0,2024-04-11T21:31:00.075652794Z,2024-04-11T21:31:00.681436948Z,2024-04-11T21:31:02.28318735Z,2024-04-11T21:31:00.694544186Z,2024-04-11T21:31:01.195999302Z,0,2024-04-11T21:31:02.810773533Z,2024-04-11T21:31:03.442386405Z,2024-04-11T21:31:05.048089469Z,2024-04-11T21:31:03.456305028Z,2024-04-11T21:31:03.965616685Z,0,2024-04-11T21:31:05.58641604Z,2024-04-11T21:31:06.197754939Z,2024-04-11T21:31:07.804032844Z,2024-04-11T21:31:06.212598321Z,2024-04-11T21:31:06.721369291Z,0,2024-04-11T21:31:08.335541827Z,2024-04-11T21:31:08.913799978Z,2024-04-11T21:31:10.511712079Z,2024-04-11T21:31:08.927137659Z,2024-04-11T21:31:09.426031421Z,0
subprocess,2.3,-1,2024-04-11T20:53:28.577902372Z,2024-04-11T20:53:31.170908676Z,2024-04-11T20:53:32.530374425Z,2024-04-11T20:53:31.359485960Z,2024-04-11T20:53:31.515679232Z,2024-04-11T20:53:33.200494811Z,2024-04-11T20:53:34.841708374Z,2024-04-11T20:53:36.078772443Z,2024-04-11T20:53:34.933002591Z,2024-04-11T20:53:35.068362486Z,0,2024-04-11T20:53:37.284004405Z,2024-04-11T20:53:39.411015107Z,2024-04-11T20:53:40.594664937Z,2024-04-11T20:53:39.468292072Z,2024-04-11T20:53:39.583748367Z,0,2024-04-11T20:53:41.729151104Z,2024-04-11T20:53:43.630589931Z,2024-04-11T20:53:44.824701621Z,2024-04-11T20:53:43.687714391Z,2024-04-11T20:53:43.814170513Z,0,2024-04-11T20:53:45.456490447Z,2024-04-11T20:53:46.150597827Z,2024-04-11T20:53:47.282559835Z,2024-04-11T20:53:46.179691745Z,2024-04-11T20:53:46.271666785Z,0,2024-04-11T20:53:48.012260217Z,2024-04-11T20:53:48.878835602Z,2024-04-11T20:53:50.0152327Z,2024-04-11T20:53:48.908122974Z,2024-04-11T20:53:49.003630612Z,0
sys,2.4,-1,2024-04-11T20:53:57.526658031Z,2024-04-11T20:53:59.847162848Z,2024-04-11T20:54:01.026173367Z,2024-04-11T20:54:00.014361937Z,2024-04-11T20:54:00.014368165Z,2024-04-11T20:54:01.766017226Z,2024-04-11T20:54:02.43953558Z,2024-04-11T20:54:03.471441348Z,2024-04-11T20:54:02.463221972Z,2024-04-11T20:54:02.463227913Z,0,2024-04-11T20:54:04.155742122Z,2024-04-11T20:54:04.706108975Z,2024-04-11T20:54:05.744176365Z,2024-04-11T20:54:04.735900062Z,2024-04-11T20:54:04.735906161Z,0,2024-04-11T20:54:06.365033842Z,2024-04-11T20:54:07.178166726Z,2024-04-11T20:54:08.214664345Z,2024-04-11T20:54:07.207239516Z,2024-04-11T20:54:07.207245633Z,0,2024-04-11T20:54:08.824646145Z,2024-04-11T20:54:09.498302117Z,2024-04-11T20:54:10.534574903Z,2024-04-11T20:54:09.526904737Z,2024-04-11T20:54:09.526910494Z,0,2024-04-11T20:54:11.151573301Z,2024-04-11T20:54:11.931656542Z,2024-04-11T20:54:12.968517175Z,2024-04-11T20:54:11.961054959Z,2024-04-11T20:54:11.961061271Z,0
tarfile,2,-1,2024-04-11T21:12:42.135791203Z,2024-04-11T21:12:43.869422871Z,2024-04-11T21:12:45.207793044Z,2024-04-11T21:12:44.035145574Z,2024-04-11T21:12:44.189363145Z,2024-04-11T21:12:45.772954787Z,2024-04-11T21:12:46.345293863Z,2024-04-11T21:12:47.486439119Z,2024-04-11T21:12:46.373505943Z,2024-04-11T21:12:46.474838389Z,0,2024-04-11T21:12:48.024563452Z,2024-04-11T21:12:48.542454901Z,2024-04-11T21:12:49.680425429Z,2024-04-11T21:12:48.571045529Z,2024-04-11T21:12:48.669927552Z,0,2024-04-11T21:12:50.254777105Z,2024-04-11T21:12:50.793353704Z,2024-04-11T21:12:51.931095702Z,2024-04-11T21:12:50.819708420Z,2024-04-11T21:12:50.920383797Z,0,2024-04-11T21:12:52.42443249Z,2024-04-11T21:12:52.983476852Z,2024-04-11T21:12:54.13968835Z,2024-04-11T21:12:53.029137923Z,2024-04-11T21:12:53.128067132Z,0,2024-04-11T21:12:54.679054381Z,2024-04-11T21:12:55.254580238Z,2024-04-11T21:12:56.39186593Z,2024-04-11T21:12:55.282654853Z,2024-04-11T21:12:55.381189685Z,0
tempfile,2.9,-1,2024-04-11T20:55:12.628392475Z,2024-04-11T20:55:14.979959539Z,2024-04-11T20:55:16.443003587Z,2024-04-11T20:55:15.171421650Z,2024-04-11T20:55:15.429778402Z,2024-04-11T20:55:17.158542523Z,2024-04-11T20:55:18.200955686Z,2024-04-11T20:55:19.329331285Z,2024-04-11T20:55:18.228457874Z,2024-04-11T20:55:18.317760579Z,0,2024-04-11T20:55:20.053552723Z,2024-04-11T20:55:20.877677845Z,2024-04-11T20:55:22.011436452Z,2024-04-11T20:55:20.898590592Z,2024-04-11T20:55:21.000820781Z,0,2024-04-11T20:55:22.694022032Z,2024-04-11T20:55:23.50196716Z,2024-04-11T20:55:24.637491098Z,2024-04-11T20:55:23.531600584Z,2024-04-11T20:55:23.627000220Z,0,2024-04-11T20:55:25.434197719Z,2024-04-11T20:55:26.227727646Z,2024-04-11T20:55:27.362915401Z,2024-04-11T20:55:26.261037795Z,2024-04-11T20:55:26.351799618Z,0,2024-04-11T20:55:28.120746091Z,2024-04-11T20:55:29.088337574Z,2024-04-11T20:55:30.292173598Z,2024-04-11T20:55:29.112697256Z,2024-04-11T20:55:29.282026399Z,0
tensorflow,84.9,65.2,2024-04-11T21:25:15.58977638Z,2024-04-11T21:25:17.848052618Z,2024-04-11T21:25:21.267990984Z,2024-04-11T21:25:18.058975681Z,2024-04-11T21:25:21.265857546Z,2024-04-11T21:25:21.941235413Z,2024-04-11T21:25:22.557237588Z,2024-04-11T21:25:23.162889275Z,2024-04-11T21:25:22.569955184Z,2024-04-11T21:25:23.160752707Z,0,2024-04-11T21:25:23.94108762Z,2024-04-11T21:25:24.582663397Z,2024-04-11T21:25:25.232880324Z,2024-04-11T21:25:24.614615282Z,2024-04-11T21:25:25.231035455Z,0,2024-04-11T21:25:25.778347477Z,2024-04-11T21:25:26.425793817Z,2024-04-11T21:25:27.033714308Z,2024-04-11T21:25:26.438908233Z,2024-04-11T21:25:27.031302963Z,0,2024-04-11T21:25:27.610912843Z,2024-04-11T21:25:28.196806499Z,2024-04-11T21:25:28.803553892Z,2024-04-11T21:25:28.210317269Z,2024-04-11T21:25:28.801310425Z,0,2024-04-11T21:25:29.301991501Z,2024-04-11T21:25:29.906554773Z,2024-04-11T21:25:30.520455817Z,2024-04-11T21:25:29.920310464Z,2024-04-11T21:25:30.518656787Z,0
threading,2,-1,2024-04-11T21:56:13.838175395Z,2024-04-11T21:56:15.567841708Z,2024-04-11T21:56:16.799064187Z,2024-04-11T21:56:15.723734988Z,2024-04-11T21:56:15.784878218Z,2024-04-11T21:56:17.331698708Z,2024-04-11T21:56:17.902604293Z,2024-04-11T21:56:18.979542571Z,2024-04-11T21:56:17.934887645Z,2024-04-11T21:56:17.971108079Z,0,2024-04-11T21:56:19.485545504Z,2024-04-11T21:56:20.092416035Z,2024-04-11T21:56:21.165330736Z,2024-04-11T21:56:20.121307372Z,2024-04-11T21:56:20.156368199Z,0,2024-04-11T21:56:21.650946986Z,2024-04-11T21:56:22.226017533Z,2024-04-11T21:56:23.301104203Z,2024-04-11T21:56:22.256405322Z,2024-04-11T21:56:22.291972282Z,0,2024-04-11T21:56:23.921275124Z,2024-04-11T21:56:24.448019795Z,2024-04-11T21:56:25.519197027Z,2024-04-11T21:56:24.476385630Z,2024-04-11T21:56:24.509646698Z,0,2024-04-11T21:56:26.027919737Z,2024-04-11T21:56:26.705953204Z,2024-04-11T21:56:27.778174773Z,2024-04-11T21:56:26.735700801Z,2024-04-11T21:56:26.769307724Z,0
time,2.3,-1,2024-04-11T20:56:28.848753133Z,2024-04-11T20:56:30.703003555Z,2024-04-11T20:56:31.918199909Z,2024-04-11T20:56:30.904987482Z,2024-04-11T20:56:30.904994655Z,2024-04-11T20:56:32.445351711Z,2024-04-11T20:56:33.050594806Z,2024-04-11T20:56:34.082450294Z,2024-04-11T20:56:33.074768874Z,2024-04-11T20:56:33.074775240Z,0,2024-04-11T20:56:34.569875172Z,2024-04-11T20:56:35.166217911Z,2024-04-11T20:56:36.200337994Z,2024-04-11T20:56:35.193097556Z,2024-04-11T20:56:35.193103312Z,0,2024-04-11T20:56:36.690468931Z,2024-04-11T20:56:37.282770204Z,2024-04-11T20:56:38.330660472Z,2024-04-11T20:56:37.323847519Z,2024-04-11T20:56:37.323854217Z,0,2024-04-11T20:56:38.880873376Z,2024-04-11T20:56:39.396575116Z,2024-04-11T20:56:40.431898823Z,2024-04-11T20:56:39.424670573Z,2024-04-11T20:56:39.424676617Z,0,2024-04-11T20:56:40.890183447Z,2024-04-11T20:56:41.379679689Z,2024-04-11T20:56:42.415183874Z,2024-04-11T20:56:41.408213658Z,2024-04-11T20:56:41.408220296Z,0
timeit,2.2,-1,2024-04-11T21:56:33.800209698Z,2024-04-11T21:56:35.500982891Z,2024-04-11T21:56:36.690613138Z,2024-04-11T21:56:35.659678368Z,2024-04-11T21:56:35.678131586Z,2024-04-11T21:56:37.230323616Z,2024-04-11T21:56:37.776807539Z,2024-04-11T21:56:38.81555896Z,2024-04-11T21:56:37.805823021Z,2024-04-11T21:56:37.808293788Z,0,2024-04-11T21:56:39.365710382Z,2024-04-11T21:56:39.96939642Z,2024-04-11T21:56:41.007367461Z,2024-04-11T21:56:39.997639801Z,2024-04-11T21:56:40.000188313Z,0,2024-04-11T21:56:41.575456234Z,2024-04-11T21:56:42.166860896Z,2024-04-11T21:56:43.20417757Z,2024-04-11T21:56:42.194753895Z,2024-04-11T21:56:42.197224223Z,0,2024-04-11T21:56:43.683949597Z,2024-04-11T21:56:44.292008475Z,2024-04-11T21:56:45.333122253Z,2024-04-11T21:56:44.322904340Z,2024-04-11T21:56:44.325348483Z,0,2024-04-11T21:56:45.827688291Z,2024-04-11T21:56:46.475693239Z,2024-04-11T21:56:47.514675524Z,2024-04-11T21:56:46.504233407Z,2024-04-11T21:56:46.506703250Z,0
torch,397,216.8,2024-04-11T21:06:00.640516686Z,2024-04-11T21:06:03.784758401Z,2024-04-11T21:06:27.861572191Z,2024-04-11T21:06:04.166697261Z,2024-04-11T21:06:20.979463195Z,2024-04-11T21:06:28.442715429Z,2024-04-11T21:06:29.136503856Z,2024-04-11T21:06:31.812868387Z,2024-04-11T21:06:29.150249937Z,2024-04-11T21:06:30.577787313Z,0,2024-04-11T21:06:32.384408306Z,2024-04-11T21:06:33.003164064Z,2024-04-11T21:06:35.670198565Z,2024-04-11T21:06:33.018197683Z,2024-04-11T21:06:34.438131924Z,0,2024-04-11T21:06:36.189393157Z,2024-04-11T21:06:36.754257567Z,2024-04-11T21:06:39.430851156Z,2024-04-11T21:06:36.767315281Z,2024-04-11T21:06:38.200182885Z,0,2024-04-11T21:06:39.949781792Z,2024-04-11T21:06:40.560068658Z,2024-04-11T21:06:43.254311807Z,2024-04-11T21:06:40.573297960Z,2024-04-11T21:06:42.022187805Z,0,2024-04-11T21:06:43.840941373Z,2024-04-11T21:06:44.504311701Z,2024-04-11T21:06:47.208472451Z,2024-04-11T21:06:44.519843247Z,2024-04-11T21:06:45.972930321Z,0
torchvision,427.9,220.3,2024-04-11T21:49:05.368676689Z,2024-04-11T21:49:08.170983409Z,2024-04-11T21:49:40.034415605Z,2024-04-11T21:49:08.477489270Z,2024-04-11T21:49:33.341445129Z,2024-04-11T21:49:40.674228501Z,2024-04-11T21:49:41.365054781Z,2024-04-11T21:49:45.295739357Z,2024-04-11T21:49:41.379664736Z,2024-04-11T21:49:43.901006584Z,0,2024-04-11T21:49:45.858639244Z,2024-04-11T21:49:46.669498698Z,2024-04-11T21:49:50.603029901Z,2024-04-11T21:49:46.685729992Z,2024-04-11T21:49:49.222143572Z,0,2024-04-11T21:49:51.153531068Z,2024-04-11T21:49:51.84264344Z,2024-04-11T21:49:55.829421806Z,2024-04-11T21:49:51.855428993Z,2024-04-11T21:49:54.450941433Z,0,2024-04-11T21:49:56.401903586Z,2024-04-11T21:49:57.065161944Z,2024-04-11T21:50:01.011595187Z,2024-04-11T21:49:57.079178722Z,2024-04-11T21:49:59.632337055Z,0,2024-04-11T21:50:01.573208791Z,2024-04-11T21:50:02.169526893Z,2024-04-11T21:50:06.165993285Z,2024-04-11T21:50:02.185321314Z,2024-04-11T21:50:04.774202177Z,0
traceback,2,-1,2024-04-11T21:07:51.837027473Z,2024-04-11T21:07:53.849820376Z,2024-04-11T21:07:55.13880821Z,2024-04-11T21:07:54.006648403Z,2024-04-11T21:07:54.123586795Z,2024-04-11T21:07:55.629922402Z,2024-04-11T21:07:56.269833078Z,2024-04-11T21:07:57.388362791Z,2024-04-11T21:07:56.300403064Z,2024-04-11T21:07:56.378077219Z,0,2024-04-11T21:07:57.89832076Z,2024-04-11T21:07:58.51249299Z,2024-04-11T21:07:59.62774779Z,2024-04-11T21:07:58.541851067Z,2024-04-11T21:07:58.618700949Z,0,2024-04-11T21:08:00.132945762Z,2024-04-11T21:08:00.710013594Z,2024-04-11T21:08:01.827008827Z,2024-04-11T21:08:00.739318634Z,2024-04-11T21:08:00.817088501Z,0,2024-04-11T21:08:02.313040433Z,2024-04-11T21:08:02.87468624Z,2024-04-11T21:08:03.990767463Z,2024-04-11T21:08:02.903403950Z,2024-04-11T21:08:02.980984897Z,0,2024-04-11T21:08:04.464640165Z,2024-04-11T21:08:05.023480574Z,2024-04-11T21:08:06.138021346Z,2024-04-11T21:08:05.051369995Z,2024-04-11T21:08:05.128402198Z,0
typing,10,6.8,2024-04-11T21:36:50.497097397Z,2024-04-11T21:36:53.001539461Z,2024-04-11T21:36:54.257145638Z,2024-04-11T21:36:53.182152691Z,2024-04-11T21:36:53.242559054Z,2024-04-11T21:36:54.819181667Z,2024-04-11T21:36:55.411303774Z,2024-04-11T21:36:56.446144037Z,2024-04-11T21:36:55.423806250Z,2024-04-11T21:36:55.436643037Z,0,2024-04-11T21:36:57.002257861Z,2024-04-11T21:36:57.618173372Z,2024-04-11T21:36:58.65601563Z,2024-04-11T21:36:57.631271967Z,2024-04-11T21:36:57.644630355Z,0,2024-04-11T21:36:59.110415175Z,2024-04-11T21:36:59.678440941Z,2024-04-11T21:37:00.714210024Z,2024-04-11T21:36:59.690756017Z,2024-04-11T21:36:59.703832215Z,0,2024-04-11T21:37:01.240795744Z,2024-04-11T21:37:01.815408547Z,2024-04-11T21:37:02.854711356Z,2024-04-11T21:37:01.830266113Z,2024-04-11T21:37:01.844497052Z,0,2024-04-11T21:37:03.328861653Z,2024-04-11T21:37:03.895206342Z,2024-04-11T21:37:04.93110942Z,2024-04-11T21:37:03.913264954Z,2024-04-11T21:37:03.922283401Z,0
ulid,8.9,6.4,2024-04-11T21:28:03.739325549Z,2024-04-11T21:28:05.532126121Z,2024-04-11T21:28:06.704966288Z,2024-04-11T21:28:05.682253161Z,2024-04-11T21:28:05.693819328Z,2024-04-11T21:28:07.226213262Z,2024-04-11T21:28:07.756134006Z,2024-04-11T21:28:08.775712783Z,2024-04-11T21:28:07.768227966Z,2024-04-11T21:28:07.768970631Z,0,2024-04-11T21:28:09.281164634Z,2024-04-11T21:28:09.855119255Z,2024-04-11T21:28:10.875484496Z,2024-04-11T21:28:09.868415937Z,2024-04-11T21:28:09.869079996Z,0,2024-04-11T21:28:11.328522757Z,2024-04-11T21:28:11.984830618Z,2024-04-11T21:28:12.998241187Z,2024-04-11T21:28:11.995087338Z,2024-04-11T21:28:11.995100951Z,0,2024-04-11T21:28:13.444497558Z,2024-04-11T21:28:14.042325566Z,2024-04-11T21:28:15.064051505Z,2024-04-11T21:28:14.056387941Z,2024-04-11T21:28:14.057140223Z,0,2024-04-11T21:28:15.518941619Z,2024-04-11T21:28:16.111837644Z,2024-04-11T21:28:17.13388353Z,2024-04-11T21:28:16.125606140Z,2024-04-11T21:28:16.126333662Z,0
urllib,1.9,-1,2024-04-11T21:14:48.152784725Z,2024-04-11T21:14:49.89802616Z,2024-04-11T21:14:51.069476046Z,2024-04-11T21:14:50.053496029Z,2024-04-11T21:14:50.057318702Z,2024-04-11T21:14:51.572889491Z,2024-04-11T21:14:52.094378547Z,2024-04-11T21:14:53.130628717Z,2024-04-11T21:14:52.122646538Z,2024-04-11T21:14:52.123295312Z,0,2024-04-11T21:14:53.658166038Z,2024-04-11T21:14:54.24183554Z,2024-04-11T21:14:55.27781269Z,2024-04-11T21:14:54.270403566Z,2024-04-11T21:14:54.271021280Z,0,2024-04-11T21:14:55.744295122Z,2024-04-11T21:14:56.294561418Z,2024-04-11T21:14:57.332018924Z,2024-04-11T21:14:56.323294205Z,2024-04-11T21:14:56.324025219Z,0,2024-04-11T21:14:57.780945689Z,2024-04-11T21:14:58.341956021Z,2024-04-11T21:14:59.379793217Z,2024-04-11T21:14:58.371001758Z,2024-04-11T21:14:58.371676541Z,0,2024-04-11T21:14:59.844207688Z,2024-04-11T21:15:00.4045984Z,2024-04-11T21:15:01.445189926Z,2024-04-11T21:15:00.436486492Z,2024-04-11T21:15:00.437183496Z,0
urllib3,7.7,5.2,2024-04-11T21:52:55.736777371Z,2024-04-11T21:52:57.549448761Z,2024-04-11T21:52:59.183707101Z,2024-04-11T21:52:57.695815128Z,2024-04-11T21:52:58.159143185Z,2024-04-11T21:52:59.832880858Z,2024-04-11T21:53:00.424597267Z,2024-04-11T21:53:01.536124772Z,2024-04-11T21:53:00.437791693Z,2024-04-11T21:53:00.515979702Z,0,2024-04-11T21:53:02.057954782Z,2024-04-11T21:53:02.613139801Z,2024-04-11T21:53:03.724412626Z,2024-04-11T21:53:02.625861893Z,2024-04-11T21:53:02.704557733Z,0,2024-04-11T21:53:04.190989951Z,2024-04-11T21:53:04.74641275Z,2024-04-11T21:53:05.859258425Z,2024-04-11T21:53:04.760427593Z,2024-04-11T21:53:04.840964442Z,0,2024-04-11T21:53:06.293974076Z,2024-04-11T21:53:06.872267091Z,2024-04-11T21:53:07.981828048Z,2024-04-11T21:53:06.884824293Z,2024-04-11T21:53:06.962765574Z,0,2024-04-11T21:53:08.473828172Z,2024-04-11T21:53:09.051444236Z,2024-04-11T21:53:10.16646048Z,2024-04-11T21:53:09.065571912Z,2024-04-11T21:53:09.145141236Z,0
uuid,9.5,7,2024-04-11T21:10:23.003902551Z,2024-04-11T21:10:24.771246745Z,2024-04-11T21:10:25.987762282Z,2024-04-11T21:10:24.917617861Z,2024-04-11T21:10:24.974572072Z,2024-04-11T21:10:26.546403466Z,2024-04-11T21:10:27.179784754Z,2024-04-11T21:10:28.21716499Z,2024-04-11T21:10:27.194977584Z,2024-04-11T21:10:27.207771915Z,0,2024-04-11T21:10:28.730582523Z,2024-04-11T21:10:29.273684Z,2024-04-11T21:10:30.308104149Z,2024-04-11T21:10:29.286193778Z,2024-04-11T21:10:29.298764453Z,0,2024-04-11T21:10:30.812095419Z,2024-04-11T21:10:31.414398388Z,2024-04-11T21:10:32.448774913Z,2024-04-11T21:10:31.428287144Z,2024-04-11T21:10:31.440437122Z,0,2024-04-11T21:10:32.942027881Z,2024-04-11T21:10:33.502006169Z,2024-04-11T21:10:34.536430922Z,2024-04-11T21:10:33.515343590Z,2024-04-11T21:10:33.527790025Z,0,2024-04-11T21:10:34.984231921Z,2024-04-11T21:10:35.505599805Z,2024-04-11T21:10:36.539865376Z,2024-04-11T21:10:35.519161936Z,2024-04-11T21:10:35.531612552Z,0
warnings,2.1,-1,2024-04-11T21:33:11.835566537Z,2024-04-11T21:33:13.565710882Z,2024-04-11T21:33:14.745178726Z,2024-04-11T21:33:13.733622535Z,2024-04-11T21:33:13.733629077Z,2024-04-11T21:33:15.297879879Z,2024-04-11T21:33:15.82489116Z,2024-04-11T21:33:16.860446492Z,2024-04-11T21:33:15.852661465Z,2024-04-11T21:33:15.852672350Z,0,2024-04-11T21:33:17.413875903Z,2024-04-11T21:33:17.995309122Z,2024-04-11T21:33:19.03368487Z,2024-04-11T21:33:18.025930255Z,2024-04-11T21:33:18.025941900Z,0,2024-04-11T21:33:19.560009015Z,2024-04-11T21:33:20.104535967Z,2024-04-11T21:33:21.141800157Z,2024-04-11T21:33:20.133510061Z,2024-04-11T21:33:20.133516917Z,0,2024-04-11T21:33:21.553360267Z,2024-04-11T21:33:22.110206124Z,2024-04-11T21:33:23.144697096Z,2024-04-11T21:33:22.137498542Z,2024-04-11T21:33:22.137510295Z,0,2024-04-11T21:33:23.691688149Z,2024-04-11T21:33:24.315579168Z,2024-04-11T21:33:25.345515765Z,2024-04-11T21:33:24.338119344Z,2024-04-11T21:33:24.338125267Z,0
webbrowser,1.8,-1,2024-04-11T21:29:29.667329797Z,2024-04-11T21:29:31.642419635Z,2024-04-11T21:29:33.058969395Z,2024-04-11T21:29:31.807677333Z,2024-04-11T21:29:32.041856153Z,2024-04-11T21:29:33.583189996Z,2024-04-11T21:29:34.238949493Z,2024-04-11T21:29:35.396526563Z,2024-04-11T21:29:34.266839279Z,2024-04-11T21:29:34.384212000Z,0,2024-04-11T21:29:35.982681244Z,2024-04-11T21:29:36.606734704Z,2024-04-11T21:29:37.772028331Z,2024-04-11T21:29:36.637469301Z,2024-04-11T21:29:36.758788754Z,0,2024-04-11T21:29:38.306549649Z,2024-04-11T21:29:38.900910541Z,2024-04-11T21:29:40.064947854Z,2024-04-11T21:29:38.926764926Z,2024-04-11T21:29:39.053822491Z,0,2024-04-11T21:29:40.568154579Z,2024-04-11T21:29:41.156766528Z,2024-04-11T21:29:42.310970616Z,2024-04-11T21:29:41.183795333Z,2024-04-11T21:29:41.299717656Z,0,2024-04-11T21:29:42.895089602Z,2024-04-11T21:29:43.443155938Z,2024-04-11T21:29:44.605493864Z,2024-04-11T21:29:43.472772698Z,2024-04-11T21:29:43.593549279Z,0
yaml,8,5.4,2024-04-11T21:28:29.966448363Z,2024-04-11T21:28:31.80969031Z,2024-04-11T21:28:33.091503966Z,2024-04-11T21:28:31.962223711Z,2024-04-11T21:28:32.076849730Z,2024-04-11T21:28:33.670836099Z,2024-04-11T21:28:34.377137286Z,2024-04-11T21:28:35.427972334Z,2024-04-11T21:28:34.406138152Z,2024-04-11T21:28:34.417675009Z,0,2024-04-11T21:28:35.897913583Z,2024-04-11T21:28:36.489938179Z,2024-04-11T21:28:37.542415413Z,2024-04-11T21:28:36.502339614Z,2024-04-11T21:28:36.530291828Z,0,2024-04-11T21:28:38.036694701Z,2024-04-11T21:28:38.606253153Z,2024-04-11T21:28:39.656887736Z,2024-04-11T21:28:38.618263581Z,2024-04-11T21:28:38.645892758Z,0,2024-04-11T21:28:40.230416138Z,2024-04-11T21:28:40.830095756Z,2024-04-11T21:28:41.882537615Z,2024-04-11T21:28:40.843692756Z,2024-04-11T21:28:40.871351655Z,0,2024-04-11T21:28:42.383943136Z,2024-04-11T21:28:42.902773925Z,2024-04-11T21:28:43.95397709Z,2024-04-11T21:28:42.915776390Z,2024-04-11T21:28:42.943131958Z,0
