endpoint_uuid,X_type,ip,cluster
00000000-0000-4000-8000-000011110000,LocalProvider,216.80.70.252,6
001fecc2-1393-4bd9-950e-5645e15e3a53,SlurmProvider,141.142.140.194,10
006f558d-df82-45c2-b2d5-94274ef41a69,SlurmProvider,141.142.140.194,10
00824163-569c-4f0d-953d-097cd3b7179d,,159.226.43.47,10
01a3324e-7ad9-4563-b598-0c2499068a39,LocalProvider,128.135.204.6,8
02a21bb0-555e-4ccb-823f-33f8691c95ab,LocalProvider,24.163.80.136,4
02cb5f88-9313-423f-9f5e-02dd7f8a4137,LocalProvider,35.230.189.127,10
02e29ff2-d320-11ed-befd-4fbae4ecc6b3,KubernetesProvider,155.101.6.140,1
036af28e-90ed-4874-95cc-88ee7f293c8d,NA,,8
042648ad-d075-42be-b398-3aef102754ab,NA,,4
04da69ad-c14d-497a-94ea-4e61f09f65ca,LocalProvider,128.135.74.98,10
0676a1f2-b92f-41f7-8e4f-6cc93eb6f929,NA,,1
07a692cb-b840-4ec7-bd3b-8a10851e977c,LocalProvider,128.110.96.33,1
081eb4c1-ecce-445c-880e-8488bed6698a,NA,,1
081f79e6-5989-4035-b715-ab2b3a22d599,NA,,2
08d55756-0d6f-445e-bb7d-0efd039c5aa7,CobaltProvider,140.221.69.22,6
08e00632-4337-443d-822f-0948992bf0d3,NA,,2
08fce800-5fac-42ba-a485-0b5b0c0b9835,NA,,5
0930c971-7cd0-4e73-89de-a02ed15e04e7,NA,,2
09f3e5fb-9c0d-49ba-8e60-d984910e813d,LocalProvider,73.51.254.248,8
0b173ad0-442e-46e5-a3ce-600dc9e38f86,LocalProvider,140.221.112.11,5
0b17dcd7-b911-46f8-aa03-69f5bf9e4012,LocalProvider,128.135.112.69,8
0b6950df-1ca9-4e6a-94d7-4729523e68e9,NA,,1
0bb32388-b7f0-4a10-b329-a84a39c4218e,LocalProvider,140.221.70.5,10
0bf50393-df3d-4389-b811-e772de3c06d6,LocalProvider,128.135.167.78,1
0ccfd4b8-04d5-4c7d-9421-4862f0acb935,LocalProvider,128.135.98.48,2
0ce50b97-5c1c-4353-9f9f-e5edaf49d381,NA,,4
0d86ccba-864a-47dd-9558-aa1894d1b576,LocalProvider,73.51.254.248,7
0e3b1a2c-975f-4740-8fb8-31fd2d0fae4a,LocalProvider,,1
0eb01917-3385-47fd-be04-ee12d0e0d4d3,LocalProvider,87.249.134.68,4
0ed3cfdd-a749-43b2-be73-c57c65d63708,LocalProvider,132.205.229.215,10
0f741837-c2a8-49d6-a50e-51b37a695936,LocalProvider,128.135.98.46,5
0fb0275f-0236-4976-9a86-2aa159a3780d,LocalProvider,34.121.218.21,2
0fe67eee-6e4c-44d4-8283-84ac7ab15526,NA,,2
0febf47c-de5d-47fc-9098-6d98beca0288,LocalProvider,128.135.167.77,2
0ff37625-18e9-42d6-a0b8-4842c02536f7,LocalProvider,128.135.204.197,8
106dc0fc-c3e6-4391-8b77-13187d36be14,NA,,2
11707323-7eb5-4a9d-8105-cd7b707b7fec,LocalProvider,141.142.216.220,5
1251d057-77c2-4f0e-9bd0-2a7b753a3725,NA,,2
12ac8236-6f88-4da1-a7cc-ca3d32773357,LocalProvider,128.135.98.235,2
12af7b1c-3099-429d-8cc4-8d887c4d0758,SlurmProvider,141.142.140.194,2
12b7db0f-6768-410e-b123-b3b5f3ed48fa,LocalProvider,73.9.98.81,2
13971abd-fbed-4efd-9223-939fe939a640,LocalProvider,128.3.110.197,2
13ec69f2-2760-4ac6-b32e-2a25c317615d,SlurmProvider,141.142.140.194,2
141f251b-2bd3-469a-8e2f-b3dd3ffb6426,LocalProvider,140.221.112.12,9
142b8e6d-f67e-4720-8b85-043415e6a5ca,LocalProvider,52.45.43.115,2
148dcaa0-ff72-4809-a44e-c1dfa8fb2f20,LocalProvider,75.194.53.226,1
14a188f6-73f5-4db1-afa8-525bc3115895,LocalProvider,66.30.209.231,5
14caab3c-6eee-4202-a33b-351619b07490,NA,,7
14d17201-7380-4af8-b4e0-192cb9805274,CobaltProvider,140.221.69.42,2
15169624-cb0b-4bca-9949-24175b69cf15,LocalProvider,141.142.216.220,2
15304fac-d31f-11ed-a70a-cbac45411883,KubernetesProvider,155.101.6.140,2
157e4b6b-46bd-4b3e-8709-fd29428183b6,LocalProvider,148.247.203.2,8
15a51626-6e9c-424f-a46d-82f66687cfc0,LocalProvider,148.247.201.188,1
15fbafc9-e3db-42b5-ae72-6e1e71bd9d6f,SlurmProvider,141.142.140.194,5
164b0a14-69b1-4f83-8a5e-20bc3d492e97,NA,,5
1652be6e-0cfa-4144-aa04-1fd8cc89ffaf,KubernetesProvider,222.153.113.110,1
1665a870-f685-42fd-ac47-7d9dc27718fb,PBSProProvider,140.221.112.13,9
174f331f-4022-45c5-a32d-afe05c8624f3,KubernetesProvider,155.101.6.253,2
18a0edc5-0e3b-4382-92a7-cbfdab3ae44b,LocalProvider,35.197.120.182,10
1975c412-9816-4828-bf30-2549b81f7c4c,LocalProvider,192.17.102.24,5
19ce45ca-db82-4e0b-9831-8065b8fb17bb,NA,,2
1b72cf57-4a63-4d1e-b5a4-ea3738cc76d1,NA,,2
1b7b3e93-7936-47a4-bd05-34109704888a,NA,,10
1c326af9-bcb9-43b7-b4f6-7c49680ffa78,SlurmProvider,141.211.192.38,10
1ca9acde-3b3b-4565-a117-07c6c4e482cd,LocalProvider,205.178.36.155,1
1d011706-9a85-4359-ae81-cd6ffa08f3c2,LocalProvider,128.219.133.21,8
1d65634a-8b0d-4089-8cf6-bec253725790,,140.221.69.9,10
1d6ca09d-0390-4811-be72-9a286e4183cd,NA,,2
1d8e943e-01f3-443d-b7bc-70f6576eea22,LocalProvider,128.135.98.188,2
1f0866d4-5c23-4e30-90bf-8153d02d65d6,PBSProProvider,140.221.112.11,8
1f46a813-9852-4c7e-a6e9-4b8a385bd555,LocalProvider,216.80.70.252,6
1fa6baf2-030c-4a4b-8750-57e54bb314a6,NA,141.142.140.194,8
20068811-6a99-4258-81a1-894d677ba3f3,LocalProvider,216.80.70.252,4
20322818-cb75-4a49-81da-c85e0005fb40,LocalProvider,141.142.216.220,2
2141035b-aeec-4163-9b5c-c23e4061710c,NA,,5
21c87f5a-1f48-4015-acc2-2d920732681c,LocalProvider,72.105.207.70,1
21d84df5-7eed-4b95-a4de-06b9c2b5a3d0,NA,,2
21eba62e-aa1b-4307-9d14-62ea6809433c,NA,,2
23d67a75-6e4e-4c75-991b-a364dc9007f7,NA,,2
249601e9-5432-4db3-92fd-080f8a385220,LocalProvider,72.36.119.226,8
24a0a684-dcf5-4086-9f6f-ed4a7c97ebf6,LocalProvider,128.219.133.21,6
24a2b95c-a04e-4480-a4d4-d2db552c6646,NA,,4
269f05e4-86df-471d-9339-40554b0667a0,NA,,1
26c018a3-3c2f-4f54-b7da-eb5bbf4ed452,LocalProvider,107.197.104.160,10
26d6b468-4b04-46d7-8ed3-8640fea0074f,NA,,1
27c10959-3ae1-4ce9-a20d-466e7bba293c,LocalProvider,98.226.199.151,8
28f310ae-dd91-48c8-b7a0-7486b654c838,PBSProProvider,140.221.112.14,7
29222b30-24d5-49b5-957b-755edb4de4f5,LocalProvider,128.135.98.218,2
2994b29f-098d-42ea-9e4e-8db3721cdf94,NA,141.142.140.195,8
29969205-94cc-450e-803c-665f750b9b0c,LocalProvider,72.133.50.205,5
299edea0-db9a-4693-84ba-babfa655b1be,LocalProvider,146.137.70.66,8
2a7c6982-b6eb-4d3a-b4ed-b0c8ff231eff,LocalProvider,216.80.120.7,9
2a8a5287-c471-4c76-9997-bd59a95b0bc3,NA,,2
2b25cfe7-419c-4a87-9acc-5ae191dd750f,LocalProvider,3.227.121.210,4
2be2463f-7486-40a4-b621-951e7dc88071,NA,,10
2c5b7c66-b088-4c7a-98ba-e623bf89b68e,LocalProvider,141.142.216.220,2
2eeb3113-e249-46dd-8a6b-88aedc0ba75a,,128.135.204.103,4
2fedd42d-37aa-4d37-97fe-d141349b7eab,NA,,10
3031518c-e296-4b8c-83c1-b567773b76bf,NA,,1
3090bcd9-a650-4148-a1c8-7e6ce8e2f6c2,LocalProvider,148.247.203.2,1
31f7eca2-db5d-4b17-820d-802019c9640e,PBSProProvider,140.221.112.11,2
3205b5dd-74c8-4ecd-b61f-15f8d61c3929,LocalProvider,128.135.204.158,10
33528892-e9f4-11ed-a160-af72f9ba30b7,KubernetesProvider,155.101.6.140,1
337046ed-c6d0-4c27-8255-0b23a0f4b26b,LocalProvider,140.221.69.42,2
33eacb56-93ed-4a9b-94ef-7973e920090e,,142.115.97.131,2
340e58fa-c5f5-46af-a7f6-81b8c36661de,LocalProvider,202.36.29.253,6
34193541-9bbd-49b4-9fdf-6da3cf1aa228,SlurmProvider,128.135.112.68,4
347c30d8-4adc-4522-8774-b451a60c0923,PBSProProvider,140.221.112.14,2
34cc3842-410b-4ad6-8da6-ae4c481046dd,LocalProvider,130.126.255.50,10
34cebc9f-7a29-44ed-a760-ccd6b6977bb5,LocalProvider,73.246.73.82,1
37381592-7429-463e-967b-dc3b705d618a,LocalProvider,104.12.228.121,2
374a7971-1e28-432f-af97-b9a893551e09,NA,,10
37a2d1a5-2a2f-4854-837b-3bb59e49912d,NA,,5
37a4a0e0-279c-40a9-8f95-0a020d30bcad,NA,,8
37bcaa07-7ad0-487c-9323-f379953df809,NA,,5
38a5bb7d-ce8d-45f3-9c6f-89e3eab037f2,LocalProvider,141.142.216.220,2
390d838f-dc20-449c-9f81-21e6347b07b4,KubernetesProvider,128.110.96.34,5
396e6fd2-ed3d-4e84-b7a6-b8bc7d98d230,NA,,9
399fe65f-62dd-4270-9d53-91c8803a5d09,NA,,10
3a451c85-31e6-4b7a-840a-114cef0cab19,GlobusComputeEngine,,2
3a57d87a-d290-11ed-a5a5-9bb016121c8c,KubernetesProvider,155.101.6.140,1
3a96b1f0-d30b-11ed-baae-5b6a957e06ee,KubernetesProvider,155.101.6.140,10
3ad1306c-dd44-11ed-a507-4fcb79ab517e,KubernetesProvider,142.93.185.183,2
3b7f6fef-4fdd-4f26-a09a-8a63b169bfcf,NA,,8
3cc36bb0-46ac-404d-82bc-3dc64b462c97,LocalProvider,128.135.98.253,5
3ce8322e-5be8-48bc-89ad-873a99fbd600,LocalProvider,128.135.123.150,5
3cfceda9-bb41-4676-84d0-8aeb16a4b74b,NA,,1
3d1a25db-8936-4dc1-9105-20abadc51599,LocalProvider,18.209.10.221,3
3dc55025-5eed-41ea-9475-63639f37966c,SlurmProvider,141.142.140.194,4
3e2ee533-db51-45be-ae9f-7bc7e6ee3dc5,NA,,6
3f4ee3fd-9c43-47a2-83cb-617f8496826c,SlurmProvider,,9
40e095f0-ed4f-40e2-883c-c1bb72b098f6,LocalProvider,156.139.24.12,10
411e2eaf-2dc4-48e0-860a-c11c86e8a1e3,NA,,2
41309753-211f-4cb7-a860-600ed487c893,LocalProvider,35.153.222.217,8
415abca3-610b-4faa-bae8-6aaaf4f29f7e,SlurmProvider,141.142.140.194,9
41731e2e-58f1-4b6a-93c4-c52447edb30e,,58.213.121.27,1
4190440c-bac3-4890-a2ef-40eccb4f51a5,NA,128.135.112.69,10
42032f67-6e82-46f8-b961-8772228eb5aa,LocalProvider,188.24.2.212,2
429fc8ef-22a9-4a70-a4f2-f0ec6e3cc2b3,,123.125.11.99,2
42c1e0f1-d217-4d6e-ab7a-2bc807f5697c,NA,,1
42da0a43-7774-4a82-ab8a-6b00ee20f16c,,35.153.222.217,2
42e0f8ea-d020-11ed-98cf-f3f9bd888d48,KubernetesProvider,155.101.6.140,6
43ef5f7f-76c8-4710-a395-105073bf138e,LocalProvider,128.219.133.21,10
440bcd32-1019-4895-a8dd-6cdffa6d915d,NA,,5
4540eb29-36cc-4ade-a87c-84ec38d0809a,NA,,4
456716ea-2fef-41d6-93e6-c8ae11a59455,LocalProvider,192.17.102.24,5
45980c25-5e5b-43d1-9950-cad441285350,LocalProvider,35.227.76.179,2
46a80e40-393f-4a60-a8ac-21261f5639b9,LocalProvider,35.174.169.113,10
472f5a06-70be-4bdb-8703-c948a0f80b31,LocalProvider,148.247.203.2,5
477b416f-b2cc-45c4-8ea9-80c2304f418b,NA,,2
48c530de-302e-42c3-96e3-1c587c0b6249,NA,,10
48ceacbb-6558-4292-8e1d-222ae6e4e6ca,,140.221.69.9,2
48cff51f-1453-4b6a-a0f0-3cae2dfe56a8,LocalProvider,128.110.96.25,4
496af534-8227-4a4e-97ea-5893e65ab6c0,,128.182.81.29,2
497fb2d9-98fd-4824-9203-67cb6ecbcb5a,NA,,2
4a6f2b52-d392-4a57-ad77-ae6e86daf503,PBSProProvider,140.221.112.14,5
4aa7ccae-c671-4a08-8349-3b9749c506a2,SlurmProvider,141.211.192.38,2
4acd718c-71c8-4b8f-8c29-c2b91fe65d24,LocalProvider,130.246.130.160,2
4ad0f4a7-4aad-4916-9058-10f481d685dd,ThreadPoolEngine,,1
4b116d3c-1703-4f8f-9f6f-39921e5864df,KubernetesProvider,52.91.155.245,8
4ba6916a-6a70-4f8b-9795-713af4869525,LocalProvider,66.241.88.201,1
4c31de21-6a35-4861-88ad-ee0361d9d586,PBSProProvider,140.221.112.12,2
4d34697f-f2e0-41dc-87b4-9821a02c0c0a,LocalProvider,107.3.141.57,6
4d55598c-4085-42ee-b139-c8e1b4c47edf,LocalProvider,128.135.98.247,10
4e78add8-e98e-4d24-b12d-f276ac146fa9,LocalProvider,141.142.216.220,7
4fe9e8f6-2729-44bc-8360-0ccd34465926,NA,,5
506ce86e-bfe0-4df4-b4c0-a3f7faa01a6b,LocalProvider,67.164.141.11,7
50906a25-f987-480c-a0dd-6e187c0d0f23,LocalProvider,140.221.70.5,5
5150d762-43f8-4ea0-9fb1-41d45739c707,LocalProvider,170.140.104.117,1
51cc8b0f-a4e4-43c5-a79e-b13c15587fb5,LocalProvider,35.153.222.217,2
52f57db6-304d-44f9-b4eb-0165d6cd37ff,NA,,1
534c4b6a-ffe1-4636-8d55-bc4867c8b2a3,LocalProvider,141.142.216.220,1
53b97d6a-3343-4860-805e-2c73a2ed5ef5,LocalProvider,128.135.204.177,10
53bda3f6-9a88-42f9-b2a2-b0426c19d42d,LocalProvider,3.227.121.210,10
53d7e6d2-2e37-4991-91c5-e8a37009e811,,141.211.192.38,2
53f7aaa6-2b0a-403b-a1d8-00205f208ab5,LocalProvider,128.55.64.38,10
53ff3aed-a509-4622-bcd8-9ff1e575d736,LocalProvider,128.135.11.32,10
547816f8-5952-4e6b-83ed-46fbb53e8d8a,,140.221.112.12,2
548800cf-bb0d-4025-a705-a6a8cd76fa6c,LocalProvider,128.135.204.177,10
549514a6-916a-474f-973c-641b06ae7fa2,LocalProvider,128.55.64.38,10
5495e425-5ebe-43ff-b90f-ee1538b44bad,LocalProvider,141.142.216.220,2
54ea4b31-49f9-48e4-83ba-79f91ba99b51,LocalProvider,128.135.98.223,4
553e7b64-0480-473c-beef-be762ba979a9,LocalProvider,,5
5608e240-7967-42ee-b91b-570b02b31909,LocalProvider,35.153.222.217,10
562c9af7-d3a4-448d-aa24-e1490a556b74,NA,,10
566f1cb6-4472-47cf-886c-91575ddb9c30,LSFProvider,152.7.96.213,10
56e8fb7d-52c0-4286-b698-c38eab9621c5,LocalProvider,128.135.204.177,5
575a83fb-3a49-4bfa-a466-0d8c296b4a8f,LocalProvider,128.110.96.34,10
57cfe235-bf71-472a-989f-20bcaf7c35dd,LocalProvider,72.133.50.205,5
582936d3-910a-44bb-8590-0197b525540a,LocalProvider,72.133.50.205,2
5829ce6a-132a-4d73-b41d-d6a9f5d3ba84,LocalProvider,128.135.123.151,5
58c808d3-6f58-4751-a3aa-ee53b75e531d,LocalProvider,107.197.104.160,2
58c94d4d-6b2c-47d0-a987-007a501634ed,ThreadPoolEngine,,5
58f7f016-5a48-457a-8290-79c796d32154,LocalProvider,73.71.237.204,10
5982cb6a-6ae7-44c0-8d9e-04899eacb934,LocalProvider,129.114.109.95,2
59fede56-00de-475e-93a9-02edf4bd0539,LocalProvider,128.135.98.232,8
5a5dc9c8-9db1-40e9-9fc1-b70a3dadb3a7,SlurmProvider,141.142.140.194,5
5a75a6dc-0413-4811-9e3f-08882cf754a0,NA,,9
5ba640f4-580e-40de-a791-4d446482b9fb,LocalProvider,148.247.204.31,1
5c744bdb-f306-4591-9cca-903563afe4b8,NA,,2
5d5bf481-adbd-4bd9-b0f0-4200705f78f9,NA,,2
5e62163a-f8f6-4f1c-9106-77176872d4aa,SlurmProvider,141.142.140.194,1
5f3ce8cc-6baa-451a-8572-2576ad40bc8a,LocalProvider,128.110.96.34,10
5f95d1ea-4cd7-4dd1-bb8d-93028402d72e,NA,,6
5fe012af-51c6-49a5-9436-37a7b670a30d,LocalProvider,98.227.155.28,8
603e6718-d719-4ff5-ad3f-2839ee0d154b,KubernetesProvider,128.110.96.34,2
611eee7e-e8ea-4c47-9e30-fe0da8c0cadf,NA,,6
62f1e8da-efa0-4474-be4d-fe298234fcc9,LocalProvider,34.173.89.94,2
63a9c30a-bacc-4eab-a192-e564a72bb51b,LocalProvider,141.142.216.220,10
640a7578-7b16-4a38-a2ad-b9ae8dcf3fe3,LocalProvider,222.153.113.110,5
64afcb48-9abe-4a83-bf0f-4fdc02e99b2c,KubernetesProvider,128.110.96.34,10
655d7131-a11b-447b-af0a-60b0befc4629,NA,,4
657ee312-da8a-497e-9026-a6faf4b16cf8,LocalProvider,141.211.192.42,10
674446c2-4dc6-41a6-b767-bf6ce67df702,LocalProvider,146.137.70.67,2
67aa8b1d-06d9-46fb-91cf-2dc0ca439eba,LocalProvider,174.161.6.193,10
67d2db6a-2cae-4cb1-92c0-fe070b2b086d,LocalProvider,73.51.254.248,1
67d76484-c4f7-4028-9b02-a71406c48148,LocalProvider,73.51.254.248,2
6870ff58-8f2a-4095-9c7b-694d4b30851b,LocalProvider,54.152.97.162,7
68a90ce3-ea33-4959-8d0f-7b07ad80d714,KubernetesProvider,222.153.113.110,10
68e4332b-e0dd-4933-a2f9-a3d7039764f6,NA,,5
698fba9a-4b12-4e0b-b83a-be6ded509946,CobaltProvider,140.221.69.22,5
69af9849-d463-4606-9347-287367789a8f,NA,,6
69b234b6-1e48-4e64-bdc3-8ceff3323f80,LocalProvider,141.142.216.220,2
69f76a7f-14c9-4487-adf9-3015db7c6561,NA,,6
6ae2782f-63d3-4c98-8496-b3dafc4714c7,NA,,2
6b4b7c27-3fd5-4f12-a529-96f2f1dfffdf,SlurmProvider,141.211.192.38,2
6b5c7089-0dca-43a3-952e-8ee8c5169b6c,LocalProvider,128.135.98.227,6
6b85f74b-17aa-40f8-a721-156fd2fce99d,PBSProProvider,140.221.112.11,7
6bf1b3be-ae97-4169-b9d5-1a8c8656f876,LocalProvider,44.198.78.211,7
6c6fd0dc-c4f7-4126-9092-56c9dd088547,LocalProvider,141.142.216.220,2
6c87988d-d067-43c9-a73f-063b51e1b33a,LocalProvider,107.3.141.57,5
6cb31eeb-fe2b-45e4-a9a4-7b7bc9cdc280,LocalProvider,192.5.85.187,10
6e2e0089-a449-4b82-bfc2-153c336efcef,LocalProvider,128.135.112.68,2
6e967a58-b73c-4621-848d-4fa91c08a174,NA,,10
6ef6f228-7c7e-4297-b79c-049ac065ed6b,LocalProvider,128.135.98.219,2
6f2bec56-0855-4b36-9539-818be35b2e3b,LocalProvider,65.109.51.136,6
6f36437c-9387-4140-822f-2e1cd79ebf17,LocalProvider,188.27.132.121,1
6f91aa59-aa22-4bee-a544-b16c486c46e8,LocalProvider,141.142.216.220,7
6fb634cf-015d-4990-8673-8961f332ccf3,LocalProvider,129.114.108.216,2
7001b52e-f088-402d-8b3f-081ca69f13f1,SlurmProvider,141.142.140.194,6
70cf5faa-56de-4526-80e4-3036e27cfe4f,,129.114.63.42,10
712e80f7-bec4-42a9-b8ff-e1a061e3ef67,LocalProvider,66.30.209.231,10
712f14e8-5649-47fa-904f-54175d05a3c4,LocalProvider,141.142.216.220,6
72150956-9059-4dfc-9861-14dbe6331f39,LocalProvider,141.142.216.220,10
729a37e1-981e-4781-93b4-d58230a0e142,LocalProvider,148.247.204.31,10
7345b324-354c-4a30-900e-f663aab6d374,SlurmProvider,141.142.140.194,5
73e17ae1-03f6-4c3c-9d54-18035e617642,LocalProvider,129.114.109.232,5
744c6d47-d10d-4c68-b747-305c45c600b6,NA,,5
756e4acd-b159-4d72-afb2-2bde13f87fa5,LocalProvider,86.125.69.26,5
75e3e27a-eb3b-4582-a154-b46a40cbc99a,NA,,5
7637e0a8-a5d7-4e10-9642-f9d0e511cbc0,NA,,6
764714ea-1064-492d-9e0d-2de054a60210,LocalProvider,141.142.140.196,10
76f0c45d-260e-45f4-8fcb-e013356553d5,LocalProvider,73.36.168.133,1
76f6b109-447b-40e1-9cef-2945628525d8,LocalProvider,209.122.133.91,2
7775ff0b-2937-45fb-95a0-0e92b007d567,LocalProvider,128.135.204.148,5
78745441-c642-4812-bdde-095c826ccc38,KubernetesProvider,128.110.96.34,10
7884f6e9-a324-4678-90cd-0658eecc8970,LocalProvider,140.221.69.24,2
789774b5-77ac-4b18-847f-7427ce1605ad,NA,,10
78efcb72-ec78-4d69-82fe-ec839331650e,LocalProvider,141.142.216.220,10
7907d7b0-53aa-4f2b-89a1-133eae719ef2,LocalProvider,130.202.238.22,3
79527464-e059-4548-9213-170f5ebcbcef,LocalProvider,141.142.216.220,1
7a15ccb3-94b9-4f9f-8f78-d00cc409c99c,SlurmProvider,141.142.140.194,5
7a9e7979-b88c-4494-9636-16970b7199e8,LocalProvider,35.230.189.127,5
7ab77250-b53a-4d57-a66b-952f82f1f3f2,LocalProvider,128.110.96.28,10
7b367aef-6e94-443e-9a67-d57412496539,,142.115.97.131,2
7bd65241-0049-4c0f-b69c-c21f3ef6efe3,NA,,1
7c4673c9-3a18-4bc6-b3c7-02e207c8f6e4,LocalProvider,142.93.185.183,4
7d0aedf1-9033-406e-ab30-04928482c934,NA,,1
7d636e94-6a92-4519-b121-e41613169709,LocalProvider,107.77.236.79,1
7d81b2e6-1463-11ee-bae6-af3d6197d7ac,KubernetesProvider,155.101.6.140,2
7db0fff7-9602-48c4-898f-104b63d64c88,LocalProvider,128.110.96.34,9
7e7a1747-7ff8-4028-8f05-445887126beb,SlurmProvider,,2
7eeac62a-0445-4729-9060-43517c0f7dd1,LocalProvider,141.142.216.220,2
7ffafe1e-51ce-4611-9e62-162d2ec3ac6e,NA,,5
8038dce9-2191-4144-b585-bbbfcddda934,NA,,2
8056e8e8-2e32-4c75-88f1-81ff7a932f00,SlurmProvider,141.142.140.194,6
80bfb9a6-700c-4e63-9f47-dcb674879458,LocalProvider,128.110.96.5,5
81bfba72-a2b2-4d9a-8016-ce811d6b29f6,LocalProvider,128.219.133.21,10
81c46066-d524-40e7-bb54-1e9f31a79240,NA,,9
8211c950-1ec6-4a9a-80b7-109e961f26cd,LocalProvider,128.110.96.30,2
821fc984-e455-11ed-b4d9-52f3834c6f75,KubernetesProvider,192.170.236.110,6
82916e26-327a-4660-b40f-b86ad3934ab2,SlurmProvider,141.142.140.194,9
834ca1f2-d25c-11ed-a044-bf56fa4038fc,KubernetesProvider,155.101.6.140,6
83d214ed-c5d5-45a0-aa42-9a6e1766a315,LocalProvider,128.135.74.98,1
83d645b9-54d4-4b4b-bb71-1315104a4455,NA,,4
83e63530-c674-4de0-a209-d87ea9ed17fd,LocalProvider,72.36.119.226,10
8401c25a-68dc-475d-b79a-fdd565ff6d81,NA,,4
842f7058-6704-470d-81ab-f5be956dc1c6,LocalProvider,163.117.64.234,5
844ef12b-f550-4f13-ad0b-a7203e888f77,LocalProvider,141.142.216.220,2
84d3ce5b-0853-468a-95d1-a7cc7121f340,LocalProvider,141.142.216.220,2
85211c3f-c993-4daa-8563-d6b94ff6cd6d,NA,,10
8575c222-bc74-11ed-a1b2-0f4c1f42ae8f,KubernetesProvider,142.93.185.183,2
8587ae76-5da6-46d8-8a31-e9cb88a5f626,SlurmProvider,128.135.167.77,5
86071b90-f3b5-4775-a38a-f8708ad01f4f,LocalProvider,128.135.98.182,4
86329528-66be-4a0c-a69c-1d1d4bc50e30,LocalProvider,141.142.216.220,2
86568221-90f3-4489-be8f-86e9b3dff6a3,NA,,6
869b7831-f9bc-4ff4-b971-9c66bc338c69,NA,,10
86a47061-f3d9-44f0-90dc-56ddc642c000,KubernetesProvider,192.170.236.102,5
86fff008-4cff-4bed-9e34-b1bd6a56e673,,216.80.120.7,7
87bc3137-81f7-4800-addf-08ed29d0b55e,LocalProvider,51.13.119.154,5
87c1dff9-37de-4c50-92ce-82e80ee98350,SlurmProvider,141.142.140.194,4
87f8faf3-5a5e-43ae-9e48-90af65318a44,NA,,2
8895f637-e331-45f2-8def-8d9b65832b22,NA,,8
88a4679f-eb1b-4ba9-864f-502aa72316b3,NA,,10
89217251-fc9a-435e-8652-3d857ce8e80d,NA,141.142.140.194,1
893b020d-77e9-4fbf-993d-2684300c244d,LocalProvider,35.197.120.182,6
8b74a7d7-d0c7-40cb-ab6a-3e9ee2b3e188,LocalProvider,141.142.140.194,1
8b8dd07e-59f7-45d3-a4d0-0d512abe18ec,ThreadPoolEngine,,2
8bd637e3-33c2-4cea-b0d4-8e21ddb2b739,LocalProvider,148.247.204.31,1
8d9a1052-9a23-497d-96f1-de634f946a10,,128.135.204.99,3
8e09321c-d26c-11ed-9343-cb6437d71925,KubernetesProvider,155.101.6.140,5
8e9ca18a-3780-4e98-aeea-d2b494ec552c,LocalProvider,35.227.76.179,4
8f1fc5ec-5fdd-4459-a2ac-5cb5a3c1ce06,LocalProvider,86.50.165.212,2
8f20c7eb-f070-4c3e-ad07-180ea2f67f6b,,122.171.18.100,10
8f52bbe7-e70b-494e-90f6-f0e4db385541,LocalProvider,202.36.29.253,2
90352494-fe01-44b0-ae70-694724c4ade2,NA,140.221.69.42,6
90d5e905-fb43-48c5-a61d-5f17de758b96,LocalProvider,73.44.29.16,2
911e219d-af5f-4575-a449-889ffd02c3d0,PBSProProvider,140.221.69.42,9
915d4ae6-52f1-4cbf-b841-3e19db3fd121,SlurmProvider,141.142.140.194,10
927be2d7-369e-4587-95ba-53868de77031,LocalProvider,46.214.34.217,5
92cc7e60-7dba-40b1-b190-3f4b1e7407c9,SlurmProvider,141.142.140.194,2
933bb86f-cb1e-4466-ab02-50c34b9fb6a2,LocalProvider,134.76.238.65,10
93947d8f-4ee3-4944-bebe-2746a7ab093e,NA,,2
947317f8-5cd1-4f0d-95d9-a2f1d684dd98,LocalProvider,73.75.45.250,8
94944876-ca0f-4fa7-82d4-1418e883e059,LocalProvider,192.17.102.24,2
9499827c-42e8-4898-aeb6-332c25c7bc55,LocalProvider,216.80.70.252,7
95038e17-339b-4462-9c9f-a8473809af25,LocalProvider,35.0.123.166,4
95a17e9e-7b93-4fe2-a5b3-4734b20dfd48,SlurmProvider,,10
95c6806c-cdee-4be0-b412-a3aedea3bd06,LocalProvider,34.226.92.72,5
96072a63-6b9f-4778-9814-46727185b7bc,LocalProvider,129.114.108.121,8
9645a338-8122-4a92-9340-5a31ec9a550b,PBSProProvider,140.221.69.42,6
965a83b3-795f-4a7c-b874-77d5f35f39f8,LocalProvider,108.160.201.56,1
96abb61b-fa76-42f1-bf73-b7cfda33ec0d,,140.221.112.11,2
96c744bc-f71c-4cd0-aab2-847399941a3a,NA,,5
97453df9-21e3-402b-b2c9-182e2921b3a7,SlurmProvider,141.142.140.194,2
9774f230-2bf2-446b-ab23-49c729069d3a,LocalProvider,98.227.155.28,9
97eac7ab-ae85-440c-8aed-e6683c6bd3bd,NA,,5
98d2215d-5783-4729-ade3-afba36313ad8,NA,,8
98dd966d-9715-4d79-afc3-87417a9b387d,LocalProvider,98.226.143.224,8
99227135-0280-4b12-8df4-08be987650af,LocalProvider,136.30.45.41,2
994f616e-e093-4465-b3a9-5e233e5a7252,NA,,8
99a7342a-3e9d-4ae3-87ed-402b57fa5e2f,NA,,5
9a4bd120-69c2-49d8-ba6f-1a6a6f0b61cb,LocalProvider,107.197.104.160,2
9a6aec4e-9363-4279-a15f-f7cf09daabf2,,98.227.155.28,7
9b706261-7fc1-41cf-afe9-573c2c861ca8,LocalProvider,44.198.78.211,5
9c439ccc-0892-4321-9071-289a5846af74,CobaltProvider,140.221.69.24,9
9c84c403-f063-4798-8634-53bd8bc40528,LocalProvider,172.58.167.91,10
9d3428a4-34df-4c39-8b2b-c29060b4a393,LocalProvider,86.125.69.26,6
9d85b298-79de-400b-9cbf-824c3ecaf6e2,LocalProvider,128.135.98.57,10
9e1d5fce-68fe-437d-b029-65cbf7021186,KubernetesProvider,98.164.56.190,5
9e370560-9463-4a3d-a836-4db1dfb9ccb6,LocalProvider,146.137.70.67,2
9e6cdce6-18c1-46c8-871e-38d42b16874c,NA,,6
9f5fb7c1-9241-4de0-998b-6a6fa5074fed,NA,,1
9fb488af-9f71-4970-a90a-7777b5cbae28,LocalProvider,51.120.245.25,7
a0147aaf-8fa1-4420-8548-5abb8207cdbb,LocalProvider,34.80.76.43,5
a0b83985-5441-4656-92a1-bea8cc0508a4,LocalProvider,188.24.79.217,7
a195db9b-a2c5-4955-92b9-70b960c8cf12,SlurmProvider,141.211.192.38,1
a222fd35-7bbe-479a-a123-75d131422e14,LocalProvider,128.135.98.28,4
a25cd31e-edeb-11ed-9f45-0b4ac6a12383,KubernetesProvider,155.101.6.140,2
a26c1dc7-9748-4d56-9b42-7428087f794d,SlurmProvider,141.142.140.194,2
a2ee243f-ec15-4301-b7c5-a682f80babd7,LocalProvider,163.117.64.234,6
a300d3f1-3e14-4341-83d4-dd5382ce78f4,LocalProvider,35.153.222.217,5
a319d8ac-b0b9-4123-8eaf-639ada82b3ab,LocalProvider,107.199.157.88,10
a31c9252-d0bf-4e84-a056-a36710ed267c,LocalProvider,72.36.119.20,2
a324c7fd-028a-45f0-b684-e349bdb615da,SlurmProvider,128.135.167.78,6
a372a734-7708-4400-8fb6-0983214ee885,LocalProvider,128.110.96.34,1
a3f9f92a-e87d-4887-9fb4-736a7d9a0fe8,LocalProvider,140.221.70.5,5
a41c3800-e899-4b8c-b489-c5a40c963cbb,LocalProvider,34.125.150.32,1
a42e4d7e-1462-11ee-aded-53532e981a08,KubernetesProvider,192.17.102.24,10
a46fa75f-9fe3-44d7-bb53-41a3ab36abea,NA,,7
a4bd208e-4b3b-49d2-bf6b-06b0c981e379,NA,,10
a5013ddf-291f-4128-bf8a-53ce30934879,NA,,5
a5bc5a98-bfaa-40be-bf18-7d6b71a430a2,LocalProvider,128.110.96.5,6
a6288e2f-6ec6-4e57-9717-6caf678a59f0,NA,,10
a719450f-4721-4ef1-a5e8-5a22b772d354,LocalProvider,192.17.100.218,9
a7746c3e-9c53-4491-9c1b-85c480cedf32,LocalProvider,130.246.213.38,4
a7a7cdd8-0fb3-4cd1-ba49-5304ad1ffbf0,LocalProvider,128.135.167.78,10
a8d21142-acf1-4814-bfea-e354cb52ddd5,LocalProvider,3.234.2.254,1
a8f07530-ef52-4afb-8ff3-a5b40cc52f1c,,58.213.121.59,5
a9da3776-fa2e-40b2-b9eb-2bda54a62e1c,NA,,2
aa11093b-9b8a-4e7b-855e-a326f00c2d2e,LocalProvider,148.247.203.2,2
aa337d2e-e7b2-4b66-bd5d-2a513158eccd,PBSProProvider,140.221.112.16,2
aa49057a-fcb2-47db-a650-50de35da6047,LocalProvider,148.247.204.31,8
aa97bd62-000c-455c-bfa7-9e6115e710bc,LocalProvider,188.184.90.132,2
aabb9bb9-9035-41e3-91c0-e6073424f996,NA,,5
ab034971-6dd5-45c3-aace-40a0ff2e9e74,,129.114.63.44,6
ab948552-78cc-4ea8-b651-d7313f768068,,128.182.81.31,2
abf80bc8-42dc-4cfb-aac1-560b622f4139,,141.211.192.38,5
ad7935e1-1a4a-475c-8c7e-b5dfbcd3afbe,LocalProvider,98.228.11.15,5
ae738989-2bd6-45a5-a823-077295457064,LocalProvider,129.114.109.232,1
ae74961c-0f76-4fde-8e8c-0027a4256a9f,LocalProvider,148.247.204.31,1
ae9c383b-9686-4abe-b4d5-7b3d6ed76622,LocalProvider,54.236.64.39,1
aed3a876-d022-42d5-8f7f-bb1ad75266f4,LocalProvider,211.72.236.145,5
af0027ec-987d-4b96-9b0e-3dd78113b6b0,LocalProvider,187.136.18.7,10
af4e4b15-e053-402a-be82-a0aff768b05e,LocalProvider,35.174.59.199,8
af560ab8-0987-4cda-a5ff-b133ad8ed645,LocalProvider,148.247.204.31,9
afec8f0f-c324-4f61-82c4-ac60e8c0bee2,LocalProvider,129.114.108.216,5
b0b4a752-3443-4d03-be87-e324cfc1e65b,LocalProvider,128.135.98.218,5
b0cc230c-5ce7-46a0-b8d9-15651ba9009d,LocalProvider,52.45.43.115,1
b246dc22-4cc6-406f-bd44-3748b775f3bb,LocalProvider,146.137.70.66,5
b2778d30-bb54-4c4d-bb7c-4d546ba5e0a3,LocalProvider,54.166.129.162,9
b2e64bf2-4261-4e79-b6c0-9280d4bd19ac,LocalProvider,148.247.204.31,6
b30c76d0-a870-431a-98de-a760cdcc14b9,NA,,1
b31bf5f9-f1fc-4540-9e6e-c91c7155372a,LocalProvider,107.142.182.35,2
b360aacf-6c02-418c-97da-56a8468b8db2,LocalProvider,34.226.92.72,8
b397d64c-f074-4657-bdfa-ccc20de141cc,NA,,6
b41a2cf6-ee51-4060-8317-27e2ac8e4891,SlurmProvider,,7
b45aeac8-728a-4fb6-9613-6c1d313c3c0e,LocalProvider,192.17.102.24,5
b476edf9-a0f9-48c0-b1eb-123592a3de47,PBSProProvider,140.221.69.42,4
b47da69c-9760-4d57-9465-af087f0cff71,SlurmProvider,141.142.140.194,2
b56098e2-e244-4b00-b3ac-8c343c73572c,NA,,5
b564d200-914c-4ded-8ab8-00b4f473ac9f,LocalProvider,129.114.108.216,8
b6414856-067c-4c4e-8cb5-5fd1169a14da,LocalProvider,73.36.167.188,2
b7342e1b-d405-43f0-b033-d748715c09e6,NA,,1
b876fbfb-e498-42d4-b71d-18f9b0b1b72f,LocalProvider,128.110.96.34,5
b8ceb5a3-a80c-4544-afdd-debc52e4055c,LocalProvider,34.80.76.43,5
b9c5db67-cc17-4708-be97-5274443d789a,CobaltProvider,140.221.69.22,2
ba51f140-cfee-11ed-af49-f77aa51a00b2,KubernetesProvider,155.101.6.140,5
bad9c460-0b91-4dac-ba89-7afa5e0e1534,NA,,10
bb490950-3bd3-4f5d-b510-6bc25ca57e59,LocalProvider,34.125.150.32,8
bb5640f5-2d5a-484e-8c1b-8e6631291baa,NA,,2
bb78167c-053e-4993-b8ae-479a5391e248,LocalProvider,188.24.79.217,2
bb8212db-74c4-43a0-a88d-f7543150653c,NA,,1
bc0aecce-76b4-4abe-b756-9e536904128d,PBSProProvider,140.221.112.14,8
bda55036-cef0-467f-8aba-71661ef7ce03,NA,,5
bdd077f0-6934-4802-a712-ef7580ffb12a,SlurmProvider,128.135.167.78,2
be4918db-2c33-4f53-afc9-0606ed7cb033,LocalProvider,192.5.87.204,6
bf34c1f3-a3b1-4de6-a34c-25a897d98a5b,LocalProvider,72.133.50.205,10
c0be063f-d9b7-4510-bab5-bc22329cc426,NA,211.72.236.145,10
c0c425c3-3246-4101-9c55-39df9ce9bbb8,LocalProvider,192.5.87.37,2
c132d586-a6ac-4b08-83a6-ec2119be3ae9,LocalProvider,141.142.216.220,1
c1529f85-7bb6-45a9-91d7-a56895e88b25,LocalProvider,128.219.133.45,9
c1749c5b-eebf-45ff-9e4a-fb57072bcd61,NA,,5
c1e8bbd8-5714-40fe-aeb8-6b933d792c8f,,128.135.204.69,10
c2086b65-bdca-465e-bd68-ab752183b499,NA,,10
c2149467-1d08-41af-af15-3980c3c9b6ad,NA,,4
c2265df4-91be-4c3d-aefc-a1ddd9017d57,LocalProvider,35.153.222.217,10
c25ce3b3-2aa9-4157-bbd9-8d2f5d8e3096,SlurmProvider,141.142.140.196,7
c29b5431-9f07-40b0-9e52-0b2eb644b496,PBSProProvider,140.221.112.11,5
c2dfe647-de4b-4f43-b859-2bbdb2e7eeef,LocalProvider,148.247.204.31,5
c3313d33-076a-4bf8-8b97-b0e5e17ad34a,KubernetesProvider,128.110.96.34,5
c3eced8b-09e6-407b-972b-267520a285c0,,198.137.20.171,2
c4d28b77-0f62-410b-a739-1f54e6109f36,LocalProvider,92.72.34.253,10
c4d406f9-5f15-4d83-93be-67ab5a3e545b,NA,,2
c5213d56-81d8-4f4c-829e-22a963af12a7,NA,,5
c575f4f8-8162-4497-9891-db3c0ab2bb8f,LocalProvider,192.17.102.25,6
c6045b06-829e-4b87-b621-f652d5a8a3eb,LocalProvider,128.110.96.33,10
c69a6eed-1c68-42c6-aa58-a054ec2aec9a,NA,,10
c69ebe9c-1652-11ee-b0a7-fa163ea4de12,,58.213.121.59,10
c7487b2b-b129-47e2-989b-5a9ac361befc,NA,211.72.236.145,5
c787304f-40c4-44ec-9996-4b4e7cf048da,LocalProvider,129.114.108.193,1
c844aebf-9a30-4355-8178-82cc0f3d3516,LocalProvider,209.122.133.91,2
c8ed8a49-cfb4-4e11-9807-85670d862791,LocalProvider,52.146.11.251,8
c9e4b447-8b1a-4f33-b3fa-b31e90673306,NA,141.142.140.194,4
ca766d22-49df-466a-8b51-cd0190c58bb0,LocalProvider,140.221.70.6,4
cb7adcc4-63c1-4ff7-843a-25dd94cf64da,,192.17.102.24,4
cb993616-d28c-11ed-9b11-df58e31890fc,KubernetesProvider,155.101.6.140,5
cbc1f8d4-71b2-4a41-8ed4-9c75421eb89f,LocalProvider,202.36.29.253,7
cbcbcb63-b55e-4d84-a046-4c093b425fe2,NA,,4
cc287274-d320-11ed-a6d8-1bfee0e2afae,KubernetesProvider,155.101.6.140,4
cc594b42-6af7-4fc2-b45f-a96556c31e89,SlurmProvider,128.135.167.78,2
cd229210-eebf-4c32-bbf2-9dd1ac48bb83,LocalProvider,188.24.79.217,5
cda77b92-ec5d-4748-854f-f550dc0d6b02,LocalProvider,129.114.109.95,1
ce6f36ba-4e94-494f-9de1-878fe7264f3c,LocalProvider,107.197.104.160,2
cf1ad80c-06b6-46ea-9eef-bc1f59d657ac,SlurmProvider,141.142.140.194,1
cf44f1a5-b363-45e8-b621-cc2dfd3e0881,LocalProvider,129.114.109.218,1
d0a5e54b-9b15-4361-841f-760273cb6907,LocalProvider,172.59.201.219,6
d164f0f2-e721-49ea-a6c6-2d542f722f6d,LocalProvider,140.221.112.11,5
d246cca4-9e53-4918-8055-5c39cffe657b,LocalProvider,146.137.70.67,1
d26f1116-219f-463f-9697-233506ec66c0,SlurmProvider,141.142.140.194,5
d3214941-eefe-4022-9325-a039c8bf6fe8,NA,52.5.117.113,8
d3bb934b-0b37-43e6-8a75-3a37a1448b61,NA,,1
d461c460-d017-11ed-9439-2f3c68e28876,KubernetesProvider,155.101.6.140,2
d526418b-8920-4bc9-a9a0-3c97e1a10d3b,NA,,9
d614a625-a276-453b-afdc-42422e327573,LocalProvider,188.184.84.144,10
d7885078-4030-40bf-83cd-34e88d4d8699,NA,,2
d79a9ebe-f720-4e00-bbd0-ef1d4c4402ea,NA,,9
d7e180d8-f7e4-4d48-a351-851c1b20e5e9,LocalProvider,72.133.50.205,10
d7eed89b-e383-48b8-bc41-525797e89fae,LocalProvider,35.174.169.113,8
d80b174f-dae5-452e-9e77-6971843e53c2,NA,,2
d8531e3f-7a4e-48c3-b16e-9d3f35d5a19f,LocalProvider,128.135.98.222,7
d8630e63-6b1f-4733-9bd6-966d0b10f624,LocalProvider,140.221.112.11,2
d8856e02-dd4b-11ed-b2c3-3b1f489c4385,KubernetesProvider,142.93.185.183,5
d917e715-bafa-466c-b12b-b9ce8e251257,NA,,6
d93c9610-6bed-4b62-bcc3-90dd165e816b,LocalProvider,98.226.199.151,10
d9e1955b-0c2e-4ee9-a294-78e32d847385,PBSProProvider,206.12.119.243,2
dae207da-7c71-4591-9c78-3e2f75e12920,SlurmProvider,141.142.140.194,4
daf6acae-e74e-4f96-9ee5-9f9c12bfe010,LocalProvider,73.210.83.138,5
db207578-ed73-4448-bff4-177120d8eb84,NA,192.17.102.75,2
dba3ff1e-1f38-46ee-a922-164e16e80088,NA,,4
dc2a0cdb-2aee-44f7-a422-c4e28d9f7617,PBSProProvider,140.221.112.11,2
dc7c5d8a-c3cd-4f0b-946e-66156c76f52a,LocalProvider,128.110.96.34,9
dced5cbf-59cc-4199-8b0d-34abbf13263f,NA,,2
dd9d748c-00ff-4866-b9ab-706ed0aee98f,NA,,9
de71c3e2-b935-470a-b3b7-e1558b6ed0a5,LocalProvider,192.17.102.24,8
de92a1ac-4118-48a2-90ac-f43a59298634,LocalProvider,140.221.79.15,5
deb30bbd-8e05-4d9f-9145-c42f27d0bfd5,LocalProvider,122.57.88.243,2
df0d9322-b45d-4ec5-be5e-5e4ef806999f,SlurmProvider,192.17.102.24,2
df878193-341b-45a3-aacf-f14d6d66fc45,SlurmProvider,141.142.140.194,6
df8d6068-d019-11ed-8b8e-0bd1f326d3a5,KubernetesProvider,155.101.6.140,1
e033edf4-c6ab-4658-b2ff-af8af6124d48,NA,,1
e03cac12-8f8f-4bf2-bf03-0378da93ff2c,LocalProvider,34.173.89.94,10
e0465f00-1dcb-4334-a229-4862181ef2fe,LocalProvider,173.93.45.24,8
e10fc68e-f3de-4565-90a4-e394f921a9be,LocalProvider,34.231.6.245,1
e212db98-1363-484a-92e9-55d7d911a496,NA,,2
e37c42e7-ab3f-4f69-902c-cf23781bbef0,LocalProvider,141.142.216.220,2
e37efb0b-6d33-46c7-81d0-e68040a1eed0,LocalProvider,129.114.108.204,6
e3e1aef6-0a6f-4ef1-b9c6-a14b0efb1dfa,NA,140.221.112.12,5
e3f47253-fe41-45a2-96ec-c25bc050efdc,NA,,10
e4be34fc-903b-4763-b335-d377f3bd4256,LocalProvider,140.221.70.8,1
e54fcfb1-d421-423e-9b9c-3343f40379db,NA,,1
e57c022d-81a1-4863-a478-b61a9db465b4,SlurmProvider,141.211.192.38,10
e580ceb5-9eae-41e5-8253-d0adaeb57d10,NA,,2
e6637156-1d75-43ef-b915-204c4b5f9a32,LocalProvider,148.247.204.31,5
e6777366-fcca-44e9-b7c1-ae336fa9d72b,LocalProvider,128.135.167.78,2
e6c0cf01-f29e-4900-8369-a03f42a2b996,LocalProvider,128.110.96.36,6
e7d1a376-8662-464f-ae09-9d9ba803747c,LocalProvider,128.135.123.151,1
e897a99a-9b66-45e5-a34f-9099c2a0ee1b,LocalProvider,142.115.103.229,5
e95004a0-065f-4a78-9ea0-977ad22e242f,LocalProvider,52.45.43.115,10
e9b52501-09f5-4adf-af97-bbc9ce9dc956,PBSProProvider,140.221.69.42,8
ea036ff1-6a76-42f6-9d3f-726b960889d1,NA,,1
ec651497-d838-41a6-85b3-61f2dd60835e,NA,,10
ee23ae0c-5da4-4ed8-ac8c-8abe98bd6a7e,SlurmProvider,141.142.140.194,10
ee4a0167-1b68-4327-8536-8e378f67fc5f,NA,,6
ef296d89-92a9-452e-b8f0-d5257083e231,LocalProvider,128.219.133.48,1
ef364324-cb66-4a04-864a-2e5aa7ea5eba,LocalProvider,128.135.98.23,4
ef588445-ce77-4839-ac9b-646465f872ee,NA,,6
ef68e376-4053-46b2-9721-5e6e8132b0a6,NA,,2
ef8d47d8-8e93-4d3a-93e4-b9d0aef96ce2,LocalProvider,141.142.216.220,9
efd8248a-6829-4571-9b79-c5ac7506f3f8,LocalProvider,51.13.119.154,8
efe73738-3bf9-438f-a950-b6e649e744a7,NA,,2
f0113b35-1bb2-403d-91f6-de851c3004a0,LocalProvider,148.247.201.193,5
f05da8cb-41da-4c83-a6b5-6cb266e952b1,NA,,1
f084b413-a7e6-4ea6-b9c4-6d7f829895fb,LocalProvider,140.221.112.13,1
f0958fad-f868-42f9-9ae9-0ace331a6a00,NA,,1
f2053033-4e66-46d5-8744-ecb5dfc5d60b,NA,,6
f2394aaf-8099-48d4-a04a-06746f904b83,LocalProvider,100.27.42.123,10
f2451189-3c23-45fe-8cd5-1c3a044868cc,NA,,4
f2d02832-e1e1-4bfe-aef8-e9850f630501,LocalProvider,192.17.102.24,10
f32d02cb-6aca-42c6-ae79-4009654cae06,LocalProvider,140.221.69.42,4
f3c558b7-f286-43eb-9a52-e4aee5f4450f,,141.142.140.195,10
f439c5bd-2906-49c6-8b53-acfe8393ed2f,NA,,1
f442fbcd-59f4-4760-890f-9903458afe6a,LocalProvider,128.219.133.23,5
f4798b33-84e8-4116-b542-4d2d6e53062a,LocalProvider,128.135.98.27,10
f4aec306-fb39-4cde-ad3c-3a3faebb1385,SlurmProvider,141.142.140.194,9
f56892b9-68e4-416c-9dac-31609f679493,LocalProvider,128.110.96.34,2
f5b0da89-da31-44ad-b4f6-70fab69124e8,NA,,6
f612e0b3-e17f-4c5a-bda4-d91a51b0c6a9,NA,,5
f646e0a4-e33f-4905-8a6a-dd3e31fb7838,LocalProvider,187.136.18.7,2
f65f8a3e-310f-4f7f-ad5c-51f996798d35,LocalProvider,128.110.96.15,10
f66deedc-b368-45e5-836a-1059e25084a0,NA,,2
f676e0d5-1933-4a18-9c36-5531709f942b,NA,,8
f69f9e57-51d3-4067-bbef-fd641ade6061,LocalProvider,193.231.19.151,2
f6ef329a-f9ca-4765-9c11-022fe01eaa70,LocalProvider,128.135.98.232,10
f708c50a-024e-4a2c-911b-26bc0e609a4b,LocalProvider,141.142.216.220,1
f8cd2c27-f4be-416b-98a9-1c47bfbb6cc5,PBSProProvider,140.221.112.15,2
f8f4692a-0ab7-40d0-b256-ba5b82b5e2ec,PBSProProvider,140.221.112.15,6
f92d678e-bcd2-429d-b253-c82b5be3c7c9,NA,,2
f93ef093-5ba0-493f-a77b-5d3fd4e29aed,LocalProvider,86.50.165.212,6
f981cbdf-21d9-4cdf-b90c-aa50d1d90cc8,LocalProvider,128.110.96.25,6
f9a0bca3-c83a-4bd4-9222-b477c4a65ca5,LocalProvider,35.153.222.217,2
f9c8b223-1d0f-4b53-aa06-1a5ef5ffada3,PBSProProvider,192.17.102.24,2
fabba351-ef61-43c3-bc64-b24a14c217c5,LocalProvider,141.142.216.220,2
fac1d9be-4986-4ccd-b305-a23cef40207b,LocalProvider,140.221.69.42,5
fb166987-998a-4d2e-bba4-f9146bb5fe44,NA,,5
fb321f77-3db5-47e1-9256-56c608e28efa,LocalProvider,188.24.2.212,2
fb93a1c2-a8d7-49f3-ad59-375f4e298784,NA,,10
fc0ff5f3-6dc4-4fb0-9215-e2ba9693989e,LocalProvider,71.210.23.221,2
fc197c55-368a-48cf-ab19-156af9d2e743,GlobusComputeEngine,,6
fc4bc1ea-b40a-4392-bcdb-3b8903f4bf07,LocalProvider,141.142.216.220,6
fca155a3-9193-4e54-ad20-8f9f1a0e4441,,58.213.121.59,2
fdfaf897-4e44-4a70-9b18-e6017c8fb51a,LocalProvider,130.216.216.152,2
fe49ba41-9654-4d1b-8266-fd2f8197b242,NA,,1
fe9411fe-edee-4c24-bf7b-e55f7e6e4a84,LocalProvider,66.241.88.201,1
ff0a3988-8d5e-4d87-974e-fc8d1359ca55,NA,,8
ff47b683-4f45-4442-beb0-16b3115e2a93,LocalProvider,98.227.155.28,2
ff5a947e-cc2f-4523-8ee6-8c580ff558bd,NA,,3
ffd77d5c-b65f-4479-bbc3-66a2f7346858,LocalProvider,202.36.29.253,2
ffff3b54-b93a-4bc8-836b-666ab39a92c9,LocalProvider,128.135.98.10,6